-- MySQL dump 10.13  Distrib 8.0.27, for Win64 (x86_64)
--
-- Host: localhost    Database: newcovid19db
-- ------------------------------------------------------
-- Server version	8.0.27

/*!40101 SET @OLD_CHARACTER_SET_CLIENT=@@CHARACTER_SET_CLIENT */;
/*!40101 SET @OLD_CHARACTER_SET_RESULTS=@@CHARACTER_SET_RESULTS */;
/*!40101 SET @OLD_COLLATION_CONNECTION=@@COLLATION_CONNECTION */;
/*!50503 SET NAMES utf8 */;
/*!40103 SET @OLD_TIME_ZONE=@@TIME_ZONE */;
/*!40103 SET TIME_ZONE='+00:00' */;
/*!40014 SET @OLD_UNIQUE_CHECKS=@@UNIQUE_CHECKS, UNIQUE_CHECKS=0 */;
/*!40014 SET @OLD_FOREIGN_KEY_CHECKS=@@FOREIGN_KEY_CHECKS, FOREIGN_KEY_CHECKS=0 */;
/*!40101 SET @OLD_SQL_MODE=@@SQL_MODE, SQL_MODE='NO_AUTO_VALUE_ON_ZERO' */;
/*!40111 SET @OLD_SQL_NOTES=@@SQL_NOTES, SQL_NOTES=0 */;

--
-- Table structure for table `citizens`
--

DROP TABLE IF EXISTS `citizens`;
/*!40101 SET @saved_cs_client     = @@character_set_client */;
/*!50503 SET character_set_client = utf8mb4 */;
CREATE TABLE `citizens` (
  `Ssn` varchar(14) NOT NULL,
  `Name` varchar(5) NOT NULL,
  `Sex` char(1) NOT NULL,
  `Age` int NOT NULL,
  `Addr1` varchar(10) DEFAULT NULL,
  `Addr2` varchar(10) DEFAULT NULL,
  `Addr3` varchar(10) DEFAULT NULL,
  PRIMARY KEY (`Ssn`),
  UNIQUE KEY `Ssn_UNIQUE` (`Ssn`)
) ENGINE=InnoDB DEFAULT CHARSET=utf8mb3;
/*!40101 SET character_set_client = @saved_cs_client */;

--
-- Dumping data for table `citizens`
--

LOCK TABLES `citizens` WRITE;
/*!40000 ALTER TABLE `citizens` DISABLE KEYS */;
INSERT INTO `citizens` VALUES ('000816-1717332','이구훈','M',22,'제주특별자치도','제주시','내도동'),('010415-3384994','지세윤','M',21,'광주광역시','북구','임동'),('050407-4645833','이지애','F',17,'제주특별자치도','서귀포시','서호동'),('100308-3677795','임재정','M',122,'서울특별시','은평구','대조동'),('101115-4875298','최희정','F',12,'울산광역시','남구','두왕동'),('130727-4886381','진소령','F',119,'부산광역시','영도구','동삼동'),('140624-3681022','김정환','M',8,'전라남도','순천시','야흥동'),('200720-3117778','신민주','M',2,'광주광역시','동구','궁동'),('330627-1520047','이공휘','M',89,'경상북도','경주시','황성동'),('330817-1051345','이슬현','M',89,'경상남도','거창군','고제면'),('350219-1557799','윤태식','M',87,'전라남도','여수시','경호동'),('390225-1916597','도경표','M',83,'강원도','철원군','서면'),('400403-2522629','김정민','F',84,'강원도','철원군','근동면'),('401126-2270361','박주혜','F',82,'대구광역시','수성구','두산동'),('410609-2767978','홍길동','F',81,'대구광역시','서구','내당동'),('411204-2034221','김하진','F',81,'서울특별시','성동구','옥수동'),('420519-1019671','이정해','M',80,'서울특별시','중구','세종로'),('450430-1148991','신중현','M',77,'부산광역시','북구','금곡동'),('481109-2014164','박윤회','F',74,'제주특별자치도','제주시','구좌읍'),('500118-1855939','고민정','F',72,'인천광역시','중구','운서동'),('500127-1812839','김가훈','M',74,'인천광역시','남동구','운연동'),('500306-1239763','손규인','M',72,'부산광역시','북구','덕천동'),('500307-1119321','이나선','M',72,'부산광역시','해운대구','우동'),('500316-1624115','이공휘','F',72,'강원도','강릉시','사천면'),('500416-2857412','김정연','F',74,'인천광역시','연수구','송도동'),('500621-1919078','김예은','F',72,'경상남도','거제시','장목면'),('500628-2651241','김인화','F',72,'강원도','태백시','상장동'),('500919-1346733','김중준','M',72,'서울특별시','구로구','신도림동'),('510307-1165432','박현배','M',71,'강원도','고성군','거진읍'),('510319-2854760','박덕배','M',71,'대구광역시','중구','삼덕동'),('510327-2539351','이경수','M',71,'충청남도','부여군','규암면'),('510611-1677449','박연표','M',71,'인천광역시','중구','항동'),('510720-2815112','박천수','M',71,'인천광역시','동구','송현동'),('510730-2124810','한재희','F',71,'경상남도','밀양시','용평동'),('510915-2850181','전아현','F',71,'경기도','안성시','일죽면'),('511114-1624270','이나선','M',71,'서울특별시','마포구','도화동'),('511120-2386223','박정현','F',73,'강원도','원주시','무실동'),('511230-2236951','황서윤','F',71,'경상북도','상주시','냉림동'),('520201-2529450','김지훈','M',70,'충청남도','보령시','오천면'),('520401-1515081','김재희','M',70,'강원도','강릉시','임당동'),('520502-2350754','조현진','M',70,'경기도','파주시','다율동'),('520612-2242813','임나림','F',70,'대구광역시','북구','구암동'),('520718-1473764','이정재','M',70,'대구광역시','달서구','용산동'),('520925-2153796','김고운','F',70,'서울특별시','중구','을지로'),('521012-2454598','류진하','F',70,'광주광역시','서구','치평동'),('521212-1920544','서범후','M',70,'서울특별시','종로구','삼청동'),('530123-2618210','박주연','F',69,'서울특별시','은평구','불광동'),('530207-1424047','권규헌','M',69,'서울특별시','서대문구','신촌동'),('530223-2573877','박다진','F',69,'광주광역시','동구','대의동'),('530502-2214548','임정현','M',69,'경기도','연천군','전곡읍'),('530717-2571474','황가빈','F',69,'서울특별시','은평구','신사동'),('531015-2251697','박산령','F',69,'충청남도','금산군','남일면'),('531124-1612715','고해훈','M',69,'울산광역시','동구','주전동'),('531212-2144769','장우람','F',69,'강원도','홍천군','홍천읍'),('540130-2776771','이숙도','F',68,'서울특별시','영등포구','여의동'),('540228-1584529','이경완','M',68,'전라남도','영암군','군서면'),('540509-1159134','신정훈','M',68,'강원도','영월군','김삿갓면'),('540511-2916314','최아름','F',68,'울산광역시','북구','염포동'),('540823-2514220','이구윤','F',68,'강원도','태백시','황지동'),('541112-2332067','유재호','M',68,'광주광역시','남구','월산동'),('541118-2217025','김지휼','M',68,'경상북도','경주시','안강읍'),('550308-1512750','이범수','M',67,'서울특별시','강남구','논현동'),('550907-1945752','황정호','M',67,'제주특별자치도','표선면','세화리'),('560307-1471358','이진','M',66,'대구광역시','달서구','진천동'),('560310-1553016','홍종훈','M',66,'제주특별자치도','제주시','구좌읍'),('560626-1577660','김건우','M',66,'경상북도','안동시','예안면'),('561026-2019085','설남희','F',66,'부산광역시','북구','금곡동'),('561209-1860530','이수전','M',66,'충청북도','당진시','구룡동'),('561227-1872241','이선화','F',66,'서울특별시','강동구','상일동'),('561230-1769737','김건률','M',66,'광주광역시','남구','동곡동'),('570409-1616434','황민재','F',65,'서울특별시','서대문구','북가좌동'),('570417-2180561','김준혁','M',65,'경상남도','창원시','의창구'),('570609-2221539','이수근','F',65,'대구광역시','북구','고성동'),('570906-2434697','한운서','M',65,'충청북도','단양군','매포읍'),('570916-2911463','이광훈','M',65,'대구광역시','중구','남산동'),('571116-2231091','김지호','F',65,'서울특별시','강북구','송중동'),('571229-1961423','라미란','M',65,'서울특별시','도봉구','도봉동'),('580109-1815793','박현문','M',64,'강원도','원주시','문막읍'),('580205-2162174','이산건','M',64,'부산광역시','사상구','엄궁동'),('580211-1737842','류훈','M',64,'강원도','원주시','개운동'),('580212-2478224','이구윤','F',64,'경상북도','경산시','정평동'),('580522-1558970','김하진','F',64,'부산광역시','동래구','수민동'),('580711-1817593','나덕기','M',54,'전라남도','여수시','고소동'),('580920-1517995','안성기','M',64,'전라북도','익산시','신흥동'),('581019-1934597','심형래','M',64,'서울특별시','중구','을지로'),('581026-1975180','박준범','M',64,'서울특별시','송파구','장지동'),('581124-2831096','박근태','M',64,'광주광역시','북구','용봉동'),('581227-2186466','이효빈','F',64,'경상북도','경주시','인왕동'),('590223-2678863','박솔미','F',63,'서울특별시','강남구','청담동'),('590228-2073773','배민희','F',63,'대구광역시','달서구','파호동'),('590404-2884926','이혁재','M',63,'대구광역시','남구','이천동'),('590620-1966315','김서현','F',63,'제주특별자치도','구좌읍','덕천리'),('590703-1344464','박한비','M',63,'강원도','홍천군','홍천읍'),('591205-2037092','박천주','F',63,'충청북도','제천시','수산면'),('591226-1511413','신지민','F',63,'광주광역시','서구','유덕동'),('600106-2487470','이우진','F',62,'충청북도','진천군','초평면'),('600402-2543536','신대훈','F',62,'전라북도','전주시 완산구','완산동'),('600517-1473053','최민','M',62,'경상북도','포항시','남구'),('600609-2286638','박연재','F',62,'충청남도','장흥군','부산면'),('601016-1917635','김준우','M',62,'서울특별시','광진구','구의동'),('601222-2914921','김도경','F',62,'서울특별시','송파구','잠실동'),('610127-2114571','심혜진','F',61,'부산광역시','부산진구','양정동'),('610228-2786594','김서민','M',61,'대구광역시','북구','대현동'),('610312-1572751','제갈희우','M',61,'대구광역시','동구','동호동'),('610320-1439642','권민도','F',61,'대구광역시','중구','대신동'),('610717-1266436','김유준','M',61,'부산광역시','북구','화명동'),('610806-2255841','박연재','M',61,'대구광역시','북구','칠성동'),('610905-1157224','박호진','F',61,'대구광역시','남구','대명동'),('610915-2775794','진주민','M',61,'경상남도','거창군','신원면'),('610925-2712868','윤세아','F',61,'대구광역시','동구','신천동'),('611205-2878131','이진','F',61,'제주특별자치도','서귀포시','대정읍'),('611212-2236498','박지현','F',63,'인천광역시','중구','남북동'),('620217-2066071','성민','F',60,'경상북도','김천시','모암동'),('620302-1578581','최금순','M',60,'경상북도','경주시','효현동'),('620412-2783350','배동하','M',60,'제주특별자치도','애월읍','하귀리'),('620722-2577641','황주성','M',60,'경기도','여주시','가남읍'),('620727-1531731','황민규','M',60,'대구광역시','달성군','구지면'),('620731-1563114','유진희','F',60,'부산광역시','부산진구','가야동'),('620731-2239270','김동삼','M',60,'대구광역시','중구','동인동'),('620817-2246350','김도율','F',60,'서울특별시','강남구','청담동'),('621008-1737817','박환희','M',60,'부산광역시','북구','금곡동'),('621104-2237762','김준','M',60,'울산광역시','동구','남목동'),('621210-1754961','이근','M',60,'광주광역시','동구','서남동'),('621211-2450825','류민규','M',60,'강원도','철원군','근남면'),('621215-1551970','정담비','M',60,'경상북도','포상시','남구'),('630302-2078438','박윤회','M',59,'대구광역시','수성구','고산동'),('630507-1655918','이현우','M',59,'대구광역시','남구','대명동'),('630508-2013280','이태균','M',59,'충청남도','공주시','신관동'),('630523-2683177','진주리','F',59,'대구광역시','중구','동산동'),('630619-2712294','이하루','F',59,'대구광역시','중구','남산로'),('630720-1451647','송윤식','M',59,'충청남도','아산시','초사동'),('630910-1718738','김인화','M',59,'전라북도','전주시 덕진구','진북동'),('630921-2157621','최훈','M',59,'강원도','양구군','방산면'),('631019-2573878','박진호','M',59,'서울특별시','강남구','역삼동'),('640207-2113018','성소리','F',58,'경상북도','안동시','명륜동'),('640211-1735873','이석훈','M',58,'강원도','동해시','발한동'),('640717-2572638','최해령','F',58,'인천광역시','남구','용현동'),('641130-1744070','오진옥','M',58,'강원도','강릉시','임당동'),('650603-2583379','설현','F',57,'전라북도','전주시 완산구','서노송동'),('650627-2770980','김지민','F',57,'충청남도','계룡시','엄사면'),('650805-1616740','박형제','M',57,'경상북도','경주시','인왕동'),('650914-1184211','강설우','M',57,'인천광역시','남동구','서창동'),('660204-2428443','최진아','F',56,'충청북도','옥천군','이원면'),('660304-1219142','박순휘','M',56,'대구광역시','달성군','유가면'),('660312-1721453','신영애','M',56,'인천광역시','남구','숭의동'),('660510-1149648','김하린','F',56,'울산광역시','울주군','범서읍'),('660606-1513223','김부준','M',56,'제주특별자치도','서귀포시','성산읍'),('660707-1124081','김지유','F',56,'인천광역시','남구','주안동'),('660716-1778862','이설윤','F',56,'경상북도','경산시','정평동'),('660729-2447640','정준우','M',56,'광주광역시','동구','학동'),('660804-2460280','신홍령','F',56,'대구광역시','달서구','갈산동'),('661011-1469226','이희령','F',56,'인천광역시','연수구','옥련동'),('661125-1418381','배명자','M',56,'경기도','오산시','부산동'),('661127-2354292','신으뜸','F',56,'강원도','양양군','현남면'),('670417-2521112','김지민','F',55,'대구광역시','북구','침산동'),('670606-1230150','정성화','M',55,'서울특별시','성동구','옥수동'),('670728-1426556','박남영','M',55,'경상북도','영덕군','강구면'),('671022-2828131','최수비','F',55,'제주특별자치도','서귀포시','동흥동'),('671123-2012614','박다빈','F',55,'서울특별시','관악구','남현동'),('671125-2413525','박진희','F',55,'강원도','양양군','손양면'),('680110-2067617','권한별','F',54,'전라북도','익산시','신흥동'),('680212-1856892','손푸름','M',54,'경상북도','경주시','효현동'),('680404-2768767','김중준','M',54,'경상북도','포항시','북구'),('680513-2767222','권민하','F',54,'서울특별시','광진구','군자동'),('680827-1113090','황서현','F',54,'울산광역시','남구','삼호동'),('680907-1043661','김수아','F',54,'울산광역시','중구','약사동'),('690423-1540636','박주리','F',53,'울산광역시','동구','일산동'),('690509-2418511','유정아','F',53,'대구광역시','북구','고성동'),('691128-2871837','조현영','F',53,'강원도','속초시','조양동'),('691228-1962713','김설휘','F',53,'인천광역시','서구','당하동'),('691231-2668121','황하은','F',53,'울산광역시','중구','다운동'),('700331-1526365','김정표','M',52,'강원도','양양군','현남면'),('700430-1836098','천지희','F',52,'경기도','부천시','중동'),('700911-2281221','정기현','M',52,'경기도','하남시','망월동'),('701117-2471096','권범준','M',52,'대구광역시','달서구','진천동'),('710103-2012447','박소영','F',51,'부산광역시','사상구','삼락동'),('710131-2987144','김도율','M',51,'울산광역시','북구','신천동'),('710316-2959389','최기숙','F',51,'대구광역시','수성군','고산동'),('710912-1780187','정무열','M',51,'경상북도','포항시','대도동'),('720715-2538773','동그리','F',50,'대구광역시','동구','동호동'),('720727-1223933','박남울','M',50,'제주특별자치도','남원읍','의귀리'),('720728-2779195','안기범','M',50,'경기도','구리시','교문동'),('721026-1643081','최다림','F',50,'서울특별시','강북구','수유동'),('721111-2782112','진현성','M',50,'대구광역시','수성군','수성동'),('721116-2633339','김고운','F',50,'경상북도','경산시','대동'),('721127-2829934','최재운','M',50,'부산광역시','강서구','녹산동'),('721204-2741177','박상창','M',50,'경상남도','밀양시','하남읍'),('721227-2657481','이옥삼','M',50,'울산광역시','북구','효문동'),('730315-1175535','이두림','F',49,'대구광역시','달서구','두류동'),('730918-2255660','박지혜','F',49,'경기도','가평군','상면'),('730925-1650383','이다림','M',49,'경상북도','안동시','태화동'),('731018-1638235','차영환','M',49,'경기도','용인시','신갈동'),('731123-2663431','김예준','M',49,'인천광역시','서구','청라동'),('731124-1170535','이불암','M',49,'서울특별시','종로구','혜화동'),('740221-2286660','황수정','F',48,'대구광역시','남구','봉덕동'),('740227-1576031','황예준','M',48,'충청남도','홍성군','결성면'),('740614-2869979','황지후','M',48,'충청남도','태안군','안면읍'),('740728-2443698','배그린','F',48,'전라남도','여수시','학동'),('741003-2758449','최건','M',48,'서울특별시','강동구','길동'),('741017-2010439','박두식','F',48,'전라남도','영암군','군서면'),('741213-1645091','조민철','M',48,'광주광역시','북구','일곡동'),('741217-2431361','조기윤','M',48,'광주광역시','남구','효덕동'),('750127-1469948','한소영','M',47,'인천광역시','남구','숭의동'),('750213-1684217','지규영','M',47,'대구광역시','동구','신암동'),('750214-1378791','이동천','M',47,'부산광역시','영도구','동삼동'),('750301-2374657','김영호','M',47,'충청남도','논산시','부창동'),('750302-1760071','진하신','M',47,'부산광역시','북구','만덕동'),('750303-1464751','마동석','M',47,'경상북도','안동시','명륜동'),('750316-1821521','김시우','M',47,'울산광역시','남구','옥동'),('750425-2316849','최예린','F',47,'대구광역시','북구','노원동'),('750430-1982381','이율희','M',47,'충청북도','청주시','서원구'),('750719-1374249','유수민','F',47,'광주광역시','광산구','우산동'),('750929-2149677','이설윤','F',47,'대구광역시','중구','남산로'),('750930-2811728','이나연','F',47,'인천광역시','동구','송림동'),('751020-1212724','황순비','F',47,'부산광역시','강서구','가덕도동'),('751110-2115749','이서율','F',47,'울산광역시','울주군','서생면'),('751115-2431045','박진호','F',47,'경기도','오산시','부산동'),('760117-1738122','이석민','M',46,'강원도','화천군','사내면'),('760519-2760350','탁미란','F',46,'대구광역시','남구','봉덕동'),('760617-2853119','이효빈','F',46,'전라남도','나주시','영강동'),('760717-2964111','최민진','M',46,'대구광역시','달서구','월성동'),('760807-1711475','박호진','M',46,'전라북도','전주시 완산구','서노송동'),('760828-2761989','양승빈','F',46,'경상북도','경주시','황성동'),('761205-2424512','박민수','M',46,'부산광역시','연제구','거제동'),('761216-1975216','정수찬','M',46,'광주광역시','광산구','신가동'),('770408-2613220','전혜진','F',45,'경기도','성남시','중원구'),('770513-1117213','최리','M',45,'전라남도','여수시','학동'),('770518-2151757','황선','F',45,'인천광역시','중구','중산동'),('770625-2023851','한종석','F',45,'충청남도','장흥군','부산면'),('770702-2254141','박지운','M',45,'경상남도','진주시','대곡면'),('770722-1331617','김경자','M',45,'경상북도','경주시','인왕동'),('770926-1012137','김동혁','M',45,'대구광역시','서구','비산동'),('771126-2812260','황도아','F',45,'충청북도','충주시','연수동'),('771206-1914025','김재호','M',45,'제주특별자치도','제주시','구좌읍'),('780228-1239017','박단','F',44,'충청남도','아산시','배방읍'),('780627-1235731','구병현','M',50,'부산광역시','연제구','연산동'),('780709-2357634','이정해','F',44,'울산광역시','남구','달동'),('780723-1456612','김수덕','M',44,'대구광역시','남구','봉덕동'),('780829-1812070','진나식','M',50,'충청남도','공주시','중동'),('780923-1321380','임종혁','M',44,'대구광역시','남구','봉덕동'),('781117-2258123','이준','F',44,'경상북도','김천시','신음동'),('781213-1020167','박금양','F',44,'충청남도','서천군','한산면'),('781215-1651994','강명재','M',44,'대구광역시','수성군','범어동'),('790117-2278269','남궁민','F',43,'서울특별시','도봉구','도봉동'),('790119-2811022','이덕세','M',43,'제주특별자치도','서귀포시','송산동'),('790212-2356823','배준서','M',43,'대구광역시','수성군','중동'),('790225-1983451','정준의','M',43,'강원도','인제군','기린면'),('790505-1181032','김하윤','M',43,'서울특별시','영등포구','당산동'),('790526-1910579','박순자','M',43,'경상북도','포항시','북구'),('790603-1543729','김민준','M',43,'제주특별자치도','애월읍','소길리'),('790823-1975426','김기윤','F',43,'서울특별시','종로구','부암동'),('790928-1238195','이율희','M',43,'대구광역시','북구','고성동'),('791106-1572042','유민재','M',43,'경기도','남양주시','화도읍'),('791127-2646141','이다림','M',43,'경상북도','구미시','송정동'),('810811-2814639','손희영','F',41,'경상북도','경산시','사동'),('830221-2454742','나다원','F',39,'서울특별시','강동구','명일동'),('840521-1542632','박건희','M',38,'서울특별시','중구','충무로'),('840808-2517604','하지성','F',38,'서울특별시','중구','세종로'),('841019-2500485','김민지','F',38,'제주특별자치도','서귀포시','대정읍'),('850226-2015681','송강민','F',37,'경기도','성남시','여수동'),('850512-1017144','송채식','M',37,'경기도','부천시','역곡동'),('850612-2222561','이수민','F',37,'서울특별시','마포구','성안로'),('850720-1761141','노대현','M',37,'서울특별시','중구','충무로'),('861104-2816363','김지휼','F',36,'대구광역시','북구','침산동'),('870225-2035441','박지운','F',35,'서울특별시','중구','충무로'),('870602-2115691','추남규','F',35,'경상북도','김천시','모암동'),('870718-1135588','홍승준','M',35,'광주광역시','남구','대남대로'),('871001-1820054','고재민','M',35,'강원도','태백시','황지동'),('880104-2257399','윤가은','F',34,'경기도','용인시','고기동'),('880724-2830959','김추자','F',34,'강원도','원주시','개운동'),('890910-1320781','윤봄','M',33,'경상북도','포항시','덕수동'),('891126-1171612','김기윤','M',33,'서울특별시','마포구','대흥동'),('900203-2343569','박다령','F',36,'경기도','안성시','봉산동'),('910803-2274211','이순자','F',31,'경상북도','안동시','태화동'),('911126-2057222','유자경','F',31,'경상남도','거창군','거창읍'),('921030-1273711','이완용','M',30,'경상북도','경주시','황성동'),('930116-2034311','이민희','F',29,'광주광역시','동구','수기동'),('930525-2304369','박재승','F',29,'전라북도','전주시 덕진구','진북동'),('940214-2726283','김건률','F',28,'서울특별시','강남구','논현동'),('940701-1729479','김규윤','M',28,'충청북도','진천군','백곡면'),('940918-1214848','이완','M',28,'서울특별시','구로구','신도림동'),('950414-1679276','이수전','M',27,'광주광역시','남구','대남대로'),('950812-2681488','지조','F',27,'경상남도','거창군','거창읍'),('951203-1526790','성기훈','M',27,'서울특별시','마포구','도화동'),('961006-1465194','김용','M',26,'서울특별시','마포구','대흥동'),('961122-1497852','마영준','M',26,'대구광역시','북구','김제동'),('981003-1968238','신영식','M',24,'제주특별자치도','제주시','도남동'),('990702-2654897','김부준','F',23,'서울특별시','마포구','성안로');
/*!40000 ALTER TABLE `citizens` ENABLE KEYS */;
UNLOCK TABLES;

--
-- Table structure for table `confirmedcase`
--

DROP TABLE IF EXISTS `confirmedcase`;
/*!40101 SET @saved_cs_client     = @@character_set_client */;
/*!50503 SET character_set_client = utf8mb4 */;
CREATE TABLE `confirmedcase` (
  `Tssn` varchar(14) NOT NULL,
  `Confirmeddate` date NOT NULL,
  `Caretype` varchar(10) DEFAULT NULL,
  PRIMARY KEY (`Tssn`),
  CONSTRAINT `fk_CONFIRMEDCASE_TESTERS1` FOREIGN KEY (`Tssn`) REFERENCES `testers` (`Cssn`)
) ENGINE=InnoDB DEFAULT CHARSET=utf8mb3;
/*!40101 SET character_set_client = @saved_cs_client */;

--
-- Dumping data for table `confirmedcase`
--

LOCK TABLES `confirmedcase` WRITE;
/*!40000 ALTER TABLE `confirmedcase` DISABLE KEYS */;
INSERT INTO `confirmedcase` VALUES ('000816-1717332','2021-02-07','admission'),('010415-3384994','2020-11-29','admission'),('050407-4645833','2021-05-09','admission'),('100308-3677795','2021-07-19','admission'),('101115-4875298','2021-07-29','admission'),('130727-4886381','2020-08-11','admission'),('140624-3681022','2020-12-12','admission'),('200720-3117778','2020-10-17','admission'),('330817-1051345','2020-12-12','admission'),('350219-1557799','2021-09-13','admission'),('390225-1916597','2020-11-19','admission'),('400403-2522629','2021-01-19','admission'),('401126-2270361','2021-06-19','admission'),('450430-1148991','2021-06-10','isolation'),('500127-1812839','2020-09-16','admission'),('500307-1119321','2021-04-13','isolation'),('500416-2857412','2021-07-01','admission'),('510307-1165432','2021-04-15','admission'),('510611-1677449','2020-07-25','admission'),('510730-2124810','2021-05-30','admission'),('511120-2386223','2020-10-16','admission'),('520401-1515081','2021-08-01','admission'),('530123-2618210','2021-05-31','admission'),('530223-2573877','2021-07-18','admission'),('530717-2571474','2020-12-24','admission'),('531124-1612715','2021-08-17','admission'),('540509-1159134','2020-10-08','admission'),('541118-2217025','2021-09-18','admission'),('550907-1945752','2021-06-15','isolation'),('570916-2911463','2020-07-15','admission'),('580711-1817593','2021-01-05','admission'),('590228-2073773','2020-11-19','admission'),('591205-2037092','2020-05-08','admission'),('601222-2914921','2021-06-24','admission'),('610320-1439642','2021-07-06','admission'),('611212-2236498','2020-08-19','admission'),('630302-2078438','2021-05-15','admission'),('630523-2683177','2021-01-15','admission'),('630720-1451647','2021-04-17','admission'),('660204-2428443','2020-06-18','admission'),('660510-1149648','2020-08-25','admission'),('660804-2460280','2021-02-16','admission'),('680212-1856892','2021-06-16','admission'),('680513-2767222','2020-10-25','isolation'),('680827-1113090','2020-09-23','admission'),('680907-1043661','2021-06-12','isolation'),('710131-2987144','2021-03-04','admission'),('721026-1643081','2020-10-25','admission'),('730925-1650383','2021-02-05','admission'),('731124-1170535','2021-04-14','admission'),('740227-1576031','2021-07-21','admission'),('750213-1684217','2021-01-26','admission'),('750302-1760071','2021-02-24','admission'),('750719-1374249','2020-05-04','isolation'),('750930-2811728','2021-09-30','isolation'),('751020-1212724','2020-10-20','isolation'),('761216-1975216','2020-08-26','admission'),('770702-2254141','2021-04-20','isolation'),('780627-1235731','2021-09-03','admission'),('780829-1812070','2021-02-09','admission'),('790928-1238195','2020-09-30','isolation'),('830221-2454742','2021-07-18','admission'),('850512-1017144','2020-12-24','admission'),('880104-2257399','2021-10-17','admission'),('890910-1320781','2021-07-23','admission'),('900203-2343569','2020-12-23','admission'),('921030-1273711','2021-10-28','isolation'),('930116-2034311','2021-06-15','admission'),('940701-1729479','2021-10-01','admission'),('950414-1679276','2021-05-03','admission'),('961006-1465194','2021-01-02','admission'),('981003-1968238','2021-03-06','admission');
/*!40000 ALTER TABLE `confirmedcase` ENABLE KEYS */;
UNLOCK TABLES;

--
-- Table structure for table `dead_isolaters`
--

DROP TABLE IF EXISTS `dead_isolaters`;
/*!40101 SET @saved_cs_client     = @@character_set_client */;
/*!50503 SET character_set_client = utf8mb4 */;
CREATE TABLE `dead_isolaters` (
  `Dssn` varchar(14) NOT NULL,
  `Deaddate` date NOT NULL,
  `Cause` varchar(30) NOT NULL,
  PRIMARY KEY (`Dssn`),
  CONSTRAINT `fk_DEAD_SELF_ISOLATERS1` FOREIGN KEY (`Dssn`) REFERENCES `self_isolaters` (`Cssn`)
) ENGINE=InnoDB DEFAULT CHARSET=utf8mb3;
/*!40101 SET character_set_client = @saved_cs_client */;

--
-- Dumping data for table `dead_isolaters`
--

LOCK TABLES `dead_isolaters` WRITE;
/*!40000 ALTER TABLE `dead_isolaters` DISABLE KEYS */;
INSERT INTO `dead_isolaters` VALUES ('751020-1212724','2020-10-23','COVID19');
/*!40000 ALTER TABLE `dead_isolaters` ENABLE KEYS */;
UNLOCK TABLES;

--
-- Table structure for table `dead_patients`
--

DROP TABLE IF EXISTS `dead_patients`;
/*!40101 SET @saved_cs_client     = @@character_set_client */;
/*!50503 SET character_set_client = utf8mb4 */;
CREATE TABLE `dead_patients` (
  `Hcode` varchar(10) NOT NULL,
  `Deaddate` date NOT NULL,
  `Cause` varchar(30) DEFAULT NULL,
  PRIMARY KEY (`Hcode`),
  CONSTRAINT `fk_DEAD_PATIENTS_PATIENTS1` FOREIGN KEY (`Hcode`) REFERENCES `patients` (`Hcode`)
) ENGINE=InnoDB DEFAULT CHARSET=utf8mb3;
/*!40101 SET character_set_client = @saved_cs_client */;

--
-- Dumping data for table `dead_patients`
--

LOCK TABLES `dead_patients` WRITE;
/*!40000 ALTER TABLE `dead_patients` DISABLE KEYS */;
INSERT INTO `dead_patients` VALUES ('0UMM72IF','2021-10-10','COVID19'),('12P7W1RS','2020-10-20','COVID19'),('1GU713G2','2021-04-04','COVID19'),('1O568U03','2020-12-29','COVID19'),('230I11T3','2021-11-01','COVID19'),('3Y2NH832','2021-10-17','COVID19'),('40142QP2','2020-12-12','COVID19'),('551U1BLK','2021-08-09','COVID19'),('63W2U81P','2021-05-26','COVID19'),('6JNJ777J','2021-01-15','COVID19'),('7178C655','2021-05-01','COVID19'),('77V0EAP8','2021-07-19','COVID19'),('ERHXD314','2021-10-11','COVID19'),('G25QQ371','2021-03-16','COVID19'),('S4YQ3NV2','2021-05-05','COVID19'),('SOW66X57','2021-02-16','COVID19'),('TO0P454I','2021-01-26','COVID19'),('V68STCS3','2020-10-22','COVID19'),('WE01J1F6','2021-04-19','COVID19'),('YL33W0V6','2021-07-30','COVID19');
/*!40000 ALTER TABLE `dead_patients` ENABLE KEYS */;
UNLOCK TABLES;

--
-- Table structure for table `manager`
--

DROP TABLE IF EXISTS `manager`;
/*!40101 SET @saved_cs_client     = @@character_set_client */;
/*!50503 SET character_set_client = utf8mb4 */;
CREATE TABLE `manager` (
  `MgrID` varchar(15) NOT NULL,
  `Password` varchar(20) NOT NULL,
  `Name` varchar(5) NOT NULL,
  `Ssn` varchar(14) NOT NULL,
  `Telephone` varchar(13) DEFAULT NULL,
  `Email` varchar(25) DEFAULT NULL,
  `Dept` varchar(10) DEFAULT NULL,
  PRIMARY KEY (`MgrID`)
) ENGINE=InnoDB DEFAULT CHARSET=utf8mb3;
/*!40101 SET character_set_client = @saved_cs_client */;

--
-- Dumping data for table `manager`
--

LOCK TABLES `manager` WRITE;
/*!40000 ALTER TABLE `manager` DISABLE KEYS */;
INSERT INTO `manager` VALUES ('aczdxz532','aczdxz532','김명철','781105-1982297','010-4402-6594','aczdxz532@naver.com','government'),('ascxzv947','ascxzv947','최선우','700209-2580732','010-8836-3180','ascxzv947@daum.net','Pfizer'),('asdf384','asdf384','이지원','700726-1127771','010-9320-3874','asdf@naver.com','government'),('asdgdfg25','asdgdfg25','김은주','630907-2562137','010-2143-1135','asdgdfg25@daum.net','YUhosp'),('asfdd746','asfdd746','주도윤','730205-1250282','010-8710-6540','asfdd746@gmail.com','Pfizer'),('bndfg65','bndfg65','김주호','750905-2876851','010-1529-2883','bndfg65@gmail.com','government'),('cxvbb51','cxvbb51','이윤호','741023-2453995','010-4770-5879','cxvbb51@daum.net','Moderna'),('dasfag865','dasfag865','김우진','630119-1644912','010-9744-3008','dasfag865@gmail.com','KNUhosp'),('dfnvbxxxx','dfnvbxxxx','박하주','530416-2762339','010-7677-5216','dfnvbxxxx@naver.com','government'),('dfuibn111','dfuibn111','황유준','510508-1947695','010-6765-3343','dfuibn111@gmail.com','DAEGUhosp'),('dfvdf23','dfvdf23','김미연','780122-2771383','010-6835-7021','dfvdf23@naver.com','Moderna'),('dsfzcx515','dsfzcx515','김성민','620904-2544254','010-6621-3957','dsfzcx515@daum.net','DAEGUhosp'),('dvavxZ35','dvavxZ35','이진경','770117-2446664','010-7609-3829','dvavxZ35@daum.net','government'),('fadasdf86','fadasdf86','박경돈','710327-2621597','010-8939-2600','fadasdf86@naver.com','KNUhosp'),('fvfd231','fvfd231','김영휘','510514-1084023','010-6819-9925','fvfd231@gmail.com','Pfizer'),('gdfer45','gdfer45','박월학','520724-1418756','010-3704-9523','gdfer45@gmail.com','Moderna'),('gsb347','gsb347','천진호','771222-1426338','010-5967-9473','gsb347@gmail.com','YUhosp'),('jkkjhbbn','jkkjhbbn','최준민','590222-1154410','010-6960-5040','jkkjhbbn@daum.net','government'),('mjh639','mjh639','김준서','561202-1622067','010-4044-9851','mjh639@gmail.com','government'),('sdf8668','sdf8668','옥태균','640603-1150131','010-8769-7569','sdf8668@daum.net','government'),('sdfes123','sdfes123','박근인','701126-2815170','010-5382-3982','sdfes123@naver.com','government'),('sdvn99','sdvn99','김윤서','581221-2571082','010-3354-3833','sdvn99@naver.com','KNUhosp'),('vzvz324','vzvz324','황윤진','770609-2218681','010-6078-4779','vzvz324@gmail.com','YUhosp'),('xbdfhs83','xbdfhs83','김현준','650407-1880737','010-5118-1216','xbdfhs83@daum.net','Moderna'),('xcvnh431','xcvnh431','이유빈','701129-2027917','010-9455-5336','xcvnh431@naver.com','government'),('xcvz5821','xcvz5821','최유선','771107-1221581','010-3111-4797','xcvz5821@naver.com','Moderna'),('xzcvsdfg79','xzcvsdfg79','김하은','650904-1742226','010-9556-2540','xzcvsdfg79@gmail.com','Pfizer'),('yjefg3se','yjefg3se','박양화','610719-2756213','010-5522-3705','yjefg3se@daum.net','DAEGUhosp'),('zvxcxv862','zvxcxv862','이건효','530919-1220690','010-7292-1132','zvxcxv862@gmail.com','government'),('zxxcytr5','zxxcytr5','김동현','680103-2971870','010-7963-1216','zxxcytr5@daum.net','government');
/*!40000 ALTER TABLE `manager` ENABLE KEYS */;
UNLOCK TABLES;

--
-- Table structure for table `patients`
--

DROP TABLE IF EXISTS `patients`;
/*!40101 SET @saved_cs_client     = @@character_set_client */;
/*!50503 SET character_set_client = utf8mb4 */;
CREATE TABLE `patients` (
  `Hospname` varchar(10) NOT NULL,
  `Hcode` varchar(10) NOT NULL,
  `Cssn` varchar(14) NOT NULL,
  `Building` varchar(3) NOT NULL,
  `Room` int NOT NULL,
  `Hdate` date NOT NULL,
  `Odate` date DEFAULT NULL,
  `Tel_nok` varchar(13) DEFAULT NULL,
  PRIMARY KEY (`Hcode`),
  KEY `fk_PATIENTS_CONFIRMEDCASE1_idx` (`Cssn`),
  CONSTRAINT `fk_PATIENTS_CONFIRMEDCASE1` FOREIGN KEY (`Cssn`) REFERENCES `confirmedcase` (`Tssn`)
) ENGINE=InnoDB DEFAULT CHARSET=utf8mb3;
/*!40101 SET character_set_client = @saved_cs_client */;

--
-- Dumping data for table `patients`
--

LOCK TABLES `patients` WRITE;
/*!40000 ALTER TABLE `patients` DISABLE KEYS */;
INSERT INTO `patients` VALUES ('영대병원','02B21EW3','530123-2618210','A동',216,'2021-05-31','2021-06-15','010-9963-3311'),('경대병원','031P1NG8','590228-2073773','B동',312,'2020-11-19','2020-12-03','010-1635-1985'),('대구병원','0J36H375','630302-2078438','A동',332,'2021-05-15','2021-05-29','010-2984-0000'),('영대병원','0L4UE540','710131-2987144','B동',221,'2021-03-04','2021-03-18','010-2249-4492'),('영대병원','0UMM72IF','101115-4875298','B동',130,'2021-07-29',NULL,'010-7753-9951'),('영대병원','11RJ85OK','580711-1817593','B동',511,'2021-01-05','2021-01-19','010-1435-6849'),('대구병원','12P7W1RS','611212-2236498','C동',220,'2020-08-19',NULL,'010-3511-8875'),('대구병원','1425V3X7','660804-2460280','B동',511,'2021-02-16','2021-03-02','010-2568-6518'),('영대병원','1GU713G2','400403-2522629','B동',112,'2021-01-19',NULL,'010-7989-2204'),('대구병원','1N1H3C3U','680827-1113090','A동',321,'2020-09-23','2020-10-07','010-9929-3322'),('경대병원','1O568U03','850512-1017144','B동',435,'2020-12-24',NULL,'010-7775-9985'),('영대병원','230I11T3','780627-1235731','B동',411,'2021-09-03',NULL,'010-8415-6413'),('대구병원','264G10DS','780829-1812070','A동',501,'2021-02-09','2021-02-23','010-6673-6253'),('경대병원','2PAO1086','610320-1439642','A동',132,'2021-07-06','2021-07-21','010-2933-4725'),('경대병원','310GJ28K','660510-1149648','A동',112,'2020-08-25','2020-09-07','010-2865-8877'),('영대병원','3QOSB516','010415-3384994','C동',140,'2020-11-29','2020-12-13','010-4983-4312'),('대구병원','3Y2NH832','531124-1612715','B동',135,'2021-08-17',NULL,'010-4412-8530'),('대구병원','40142QP2','500127-1812839','A동',420,'2020-09-16',NULL,'010-1154-2566'),('대구병원','42R6SP1L','880104-2257399','A동',428,'2021-10-17','2021-10-31','010-1120-1919'),('영대병원','551U1BLK','510730-2124810','C동',254,'2021-05-30',NULL,'010-5559-7943'),('경대병원','56VUDT12','961006-1465194','B동',122,'2021-01-02','2021-01-16','010-2948-2848'),('영대병원','5MY56IB6','950414-1679276','A동',232,'2021-05-03','2021-07-04','010-9989-9284'),('영대병원','5R61YQ22','900203-2343569','C동',330,'2020-12-23','2021-01-06','010-2002-4852'),('대구병원','61J31T27','401126-2270361','B동',127,'2021-06-19','2021-07-02','010-2001-1997'),('대구병원','63W2U81P','750302-1760071','B동',405,'2021-02-24',NULL,'010-9813-5643'),('영대병원','6JNJ777J','511120-2386223','B동',401,'2020-10-16',NULL,'010-9443-8871'),('경대병원','7178C655','981003-1968238','A동',165,'2021-03-06',NULL,'010-3315-6819'),('대구병원','731A5WXQ','541118-2217025','C동',211,'2021-09-18','2021-10-02','010-4999-2249'),('경대병원','77V0EAP8','050407-4645833','C동',222,'2021-05-09',NULL,'010-7231-5846'),('영대병원','81R322UA','940701-1729479','B동',132,'2021-10-01','2021-10-15','010-8451-6413'),('영대병원','844K40EL','570916-2911463','A동',331,'2020-07-15','2021-07-27','010-9865-3947'),('경대병원','86M3WB8X','540509-1159134','A동',333,'2020-10-08','2020-10-22','010-2685-8878'),('경대병원','8DRA6SD2','660204-2428443','B동',313,'2020-06-18','2020-06-29','010-6649-4927'),('경대병원','8QRA07OA','630720-1451647','A동',405,'2021-04-17','2021-05-01','010-4928-5848'),('대구병원','BK7QG4MD','601222-2914921','C동',415,'2021-06-24','2021-07-07','010-8852-9959'),('대구병원','C56TUNT5','721026-1643081','B동',131,'2020-10-25','2021-11-08','010-9989-2883'),('영대병원','CIDH36TE','510611-1677449','B동',131,'2020-07-25','2020-08-08','010-2240-4999'),('영대병원','DM645D7X','731124-1170535','B동',311,'2021-04-14','2021-04-28','010-2039-4423'),('영대병원','EQVT786T','530223-2573877','A동',415,'2021-07-18','2021-08-01','010-3232-4521'),('대구병원','ERHXD314','500416-2857412','C동',331,'2021-07-01',NULL,'010-7325-4491'),('대구병원','FBX0S6X2','100308-3677795','A동',437,'2021-07-19','2021-08-02','010-8686-3834'),('영대병원','G25QQ371','140624-3681022','A동',211,'2020-12-12',NULL,'010-4487-1355'),('영대병원','I8036T3B','730925-1650383','C동',212,'2021-02-05','2021-02-27','010-4474-2847'),('대구병원','K880IPN4','130727-4886381','A동',350,'2020-08-11','2020-08-25','010-9835-6482'),('대구병원','LCG3B00L','750213-1684217','C동',520,'2021-01-26','2021-02-09','010-3287-8743'),('경대병원','OC8LUN04','930116-2034311','C동',415,'2021-06-15','2021-06-29','010-4983-6653'),('대구병원','ONA0O431','350219-1557799','A동',219,'2021-09-13','2021-09-27','010-8651-6519'),('영대병원','QM6548L7','530717-2571474','C동',113,'2020-12-24','2021-01-07','010-2939-3323'),('경대병원','S4YQ3NV2','330817-1051345','C동',129,'2020-12-12',NULL,'010-3489-5320'),('경대병원','SOW66X57','200720-3117778','C동',123,'2020-10-17',NULL,'010-3422-6742'),('경대병원','TO0P454I','390225-1916597','A동',102,'2020-11-19',NULL,'010-8565-7711'),('영대병원','UOI0X313','630523-2683177','C동',523,'2021-01-15','2021-01-29','010-9365-4739'),('대구병원','V68STCS3','680212-1856892','A동',222,'2021-06-16',NULL,'010-8284-4238'),('대구병원','V7228VF6','520401-1515081','A동',311,'2021-08-01','2021-08-15','010-2352-2576'),('경대병원','WE01J1F6','000816-1717332','B동',101,'2021-02-07',NULL,'010-8543-6150'),('경대병원','X2273773','740227-1576031','A동',223,'2021-07-21','2021-08-04','010-9083-9382'),('대구병원','X2I3H03B','761216-1975216','A동',321,'2020-08-26','2020-09-09','010-2947-1901'),('영대병원','Y6SIBOI3','890910-1320781','B동',222,'2021-07-23','2021-07-23','010-4828-4593'),('대구병원','Y8J0NE6Q','591205-2037092','C동',313,'2020-05-08','2020-05-22','010-2939-1124'),('영대병원','YL33W0V6','830221-2454742','C동',413,'2021-07-18',NULL,'010-0760-1164'),('영대병원','YO8KFIB4','510307-1165432','B동',323,'2021-04-15','2021-04-29','010-2040-6506');
/*!40000 ALTER TABLE `patients` ENABLE KEYS */;
UNLOCK TABLES;

--
-- Table structure for table `patients_details`
--

DROP TABLE IF EXISTS `patients_details`;
/*!40101 SET @saved_cs_client     = @@character_set_client */;
/*!50503 SET character_set_client = utf8mb4 */;
CREATE TABLE `patients_details` (
  `Hcode` varchar(10) NOT NULL,
  `Blood_type` varchar(3) NOT NULL,
  `Medical_history` varchar(20) DEFAULT NULL,
  PRIMARY KEY (`Hcode`),
  CONSTRAINT `fk_PATIENTS_DETAILS_PATIENTS1` FOREIGN KEY (`Hcode`) REFERENCES `patients` (`Hcode`)
) ENGINE=InnoDB DEFAULT CHARSET=utf8mb3;
/*!40101 SET character_set_client = @saved_cs_client */;

--
-- Dumping data for table `patients_details`
--

LOCK TABLES `patients_details` WRITE;
/*!40000 ALTER TABLE `patients_details` DISABLE KEYS */;
INSERT INTO `patients_details` VALUES ('02B21EW3','A+',NULL),('031P1NG8','O+',NULL),('0J36H375','B+',NULL),('0L4UE540','O+',NULL),('11RJ85OK','B-',NULL),('1425V3X7','O+',NULL),('1N1H3C3U','B-',NULL),('1O568U03','O+',NULL),('230I11T3','A+','dermatitis'),('264G10DS','O+',NULL),('2PAO1086','O+',NULL),('310GJ28K','AB-','stomach cancer'),('3QOSB516','O+',NULL),('3Y2NH832','AB-','osteoporosis'),('42R6SP1L','AB-','high pressure'),('551U1BLK','O+',NULL),('56VUDT12','O+','osteoporosis'),('5MY56IB6','AB+','low pressure'),('5R61YQ22','B+',NULL),('61J31T27','A-',NULL),('63W2U81P','A+',NULL),('731A5WXQ','A-',NULL),('81R322UA','O+',NULL),('844K40EL','AB-',NULL),('86M3WB8X','B+',NULL),('8DRA6SD2','B-',NULL),('8QRA07OA','AB-',NULL),('BK7QG4MD','O-',NULL),('C56TUNT5','B-','low pressure'),('CIDH36TE','AB+',NULL),('DM645D7X','AB-',NULL),('EQVT786T','B+',NULL),('FBX0S6X2','A+',NULL),('I8036T3B','A+',NULL),('K880IPN4','O-',NULL),('LCG3B00L','O+',NULL),('OC8LUN04','A-','colitis'),('ONA0O431','AB+',NULL),('QM6548L7','O+',NULL),('S4YQ3NV2','B-','high pressure'),('UOI0X313','AB+',NULL),('V68STCS3','A+',NULL),('V7228VF6','AB+','pneumonia'),('X2273773','B+','pneumonia'),('X2I3H03B','B+',NULL),('Y6SIBOI3','O-',NULL),('Y8J0NE6Q','A+','esophagitis'),('YL33W0V6','B-','esophagitis'),('YO8KFIB4','A+','high pressure');
/*!40000 ALTER TABLE `patients_details` ENABLE KEYS */;
UNLOCK TABLES;

--
-- Table structure for table `pre_orders`
--

DROP TABLE IF EXISTS `pre_orders`;
/*!40101 SET @saved_cs_client     = @@character_set_client */;
/*!50503 SET character_set_client = utf8mb4 */;
CREATE TABLE `pre_orders` (
  `SerialNo` varchar(9) NOT NULL,
  `MfgCo` varchar(10) NOT NULL,
  `MfgDate` date NOT NULL,
  `Exp` date NOT NULL,
  `CustomerID` varchar(20) NOT NULL,
  `Deliverydate` date DEFAULT NULL,
  PRIMARY KEY (`SerialNo`),
  KEY `fk_PRE_ORDERS_MANAGER1_idx` (`CustomerID`),
  CONSTRAINT `fk_PRE_ORDERS_MANAGER1` FOREIGN KEY (`CustomerID`) REFERENCES `manager` (`MgrID`)
) ENGINE=InnoDB DEFAULT CHARSET=utf8mb3;
/*!40101 SET character_set_client = @saved_cs_client */;

--
-- Dumping data for table `pre_orders`
--

LOCK TABLES `pre_orders` WRITE;
/*!40000 ALTER TABLE `pre_orders` DISABLE KEYS */;
INSERT INTO `pre_orders` VALUES ('06IG-D240','pfizer','2022-01-02','2022-02-25','fvfd231','2022-01-06'),('0E2K-1II7','pfizer','2021-12-15','2022-02-14','fvfd231','2021-12-19'),('12RG-C7B2','pfizer','2022-01-04','2022-02-27','ascxzv947','2022-01-10'),('131E-UU41','pfizer','2021-12-17','2022-02-15','fvfd231','2021-12-24'),('13K2-DLUB','moderna','2022-02-17','2022-03-30','xbdfhs83','2022-02-24'),('1725-7181','moderna','2021-12-19','2022-02-16','dfvdf23','2021-12-24'),('1B5V-H8JN','pfizer','2021-12-03','2022-02-07','asfdd746','2021-12-10'),('1O8M-B8B2','pfizer','2022-02-15','2022-03-29','fvfd231','2022-02-20'),('1V2D-322Y','moderna','2022-01-01','2022-02-24','xbdfhs83','2022-01-06'),('1X15-4411','pfizer','2021-11-28','2022-02-05','fvfd231','2021-12-05'),('2242-H113','moderna','2022-01-31','2022-03-20','dfvdf23','2022-02-07'),('2W0K-5YK6','pfizer','2022-01-12','2022-03-07','xzcvsdfg79','2022-01-19'),('2X1M-YWRY','pfizer','2022-02-06','2022-03-24','xzcvsdfg79','2022-02-11'),('33S8-BLJX','pfizer','2021-12-05','2022-02-08','asfdd746','2021-12-10'),('344U-1708','moderna','2022-02-04','2022-03-22','gdfer45','2022-02-11'),('380Q-D624','moderna','2022-02-11','2022-03-26','dfvdf23','2022-02-16'),('3HBY-2K02','pfizer','2022-02-14','2022-03-28','fvfd231','2022-02-20'),('3K0M-RBW1','pfizer','2022-01-28','2022-03-18','asfdd746','2022-02-03'),('3LRE-UR6O','pfizer','2021-12-10','2022-02-10','xzcvsdfg79','2021-12-14'),('4825-0V3Q','moderna','2021-12-22','2022-02-19','xcvz5821','2021-12-28'),('4D57-6H8M','pfizer','2022-01-17','2022-03-08','asfdd746','2022-01-24'),('4N42-2C0J','pfizer','2022-01-13','2022-03-07','xzcvsdfg79','2022-01-19'),('4W1N-TETO','moderna','2021-12-18','2022-02-15','dfvdf23','2021-12-24'),('505O-XLS1','moderna','2021-11-26','2022-02-04','xbdfhs83','2021-12-01'),('51IP-JK34','moderna','2021-12-06','2022-02-08','gdfer45','2021-12-10'),('52VA-UJ3O','moderna','2022-01-22','2022-03-12','xbdfhs83','2022-01-27'),('542Q-8O5K','pfizer','2021-12-27','2022-02-22','asfdd746','2022-01-02'),('5CAY-W654','pfizer','2021-11-27','2022-02-05','fvfd231','2021-12-01'),('5ETV-8HBK','moderna','2022-02-01','2022-03-21','dfvdf23','2022-02-07'),('5MU6-D872','pfizer','2021-12-28','2022-02-23','asfdd746','2022-01-04'),('621T-C0MD','moderna','2022-01-05','2022-03-01','dfvdf23','2022-01-10'),('6BFX-CY60','pfizer','2021-12-25','2022-02-21','ascxzv947','2021-12-28'),('6ELC-8328','moderna','2021-12-08','2022-02-09','gdfer45','2021-12-14'),('6FT1-8730','moderna','2021-12-11','2022-02-10','xbdfhs83','2021-12-14'),('70MF-TB7I','moderna','2021-12-30','2022-02-24','xbdfhs83','2022-01-06'),('7283-6ER6','moderna','2021-12-02','2022-02-06','xbdfhs83','2021-12-07'),('7OMF-6F77','pfizer','2022-01-21','2022-03-11','ascxzv947','2022-01-27'),('7PE2-2VO6','moderna','2022-01-15','2022-03-08','gdfer45','2022-01-19'),('7W50-L2H2','moderna','2022-02-16','2022-03-29','xbdfhs83','2022-02-20'),('84YE-8VK8','moderna','2022-01-16','2022-03-08','gdfer45','2022-01-19'),('87TH-5A2H','pfizer','2022-01-24','2022-03-12','xzcvsdfg79','2022-01-30'),('8SY2-AJHJ','moderna','2021-12-20','2022-02-17','dfvdf23','2021-12-24'),('AA5T-XUH8','moderna','2021-11-24','2022-02-03','dfvdf23','2021-12-01'),('BRI3-50GV','moderna','2022-01-20','2022-03-09','dfvdf23','2022-01-24'),('BX1O-52A3','moderna','2021-12-26','2022-02-21','dfvdf23','2022-01-02'),('D122-W675','pfizer','2021-12-24','2022-02-19','ascxzv947','2021-12-28'),('D33U-P007','moderna','2022-01-19','2022-03-09','dfvdf23','2022-01-24'),('D4S5-MKS7','moderna','2021-11-25','2022-02-04','dfvdf23','2021-12-01'),('D5Q2-55V5','moderna','2021-12-14','2022-02-12','gdfer45','2021-12-19'),('D7T0-W7ET','moderna','2022-01-30','2022-03-19','dfvdf23','2022-02-03'),('D852-4MGN','pfizer','2022-02-13','2022-03-28','asfdd746','2022-02-20'),('DYRP-2HW6','moderna','2021-12-09','2022-02-09','xbdfhs83','2021-12-14'),('E3U3-0J46','moderna','2022-02-17','2022-03-30','xbdfhs83','2022-02-24'),('E4H7-27TE','moderna','2022-01-14','2022-03-08','gdfer45','2022-01-19'),('F6O3-GVPE','moderna','2022-02-09','2022-03-26','xbdfhs83','2022-02-16'),('GGW4-SM4Q','pfizer','2022-01-18','2022-03-08','asfdd746','2022-01-24'),('H673-YC14','pfizer','2022-02-10','2022-03-26','asfdd746','2022-02-16'),('H688-LH5N','moderna','2022-02-08','2022-03-25','xbdfhs83','2022-02-11'),('I47C-0VLE','moderna','2021-12-16','2022-02-14','gdfer45','2021-12-19'),('IK16-W6Q3','pfizer','2021-12-13','2022-02-11','xzcvsdfg79','2021-12-19'),('IQ14-5YFY','pfizer','2022-01-26','2022-03-15','ascxzv947','2022-01-30'),('IT5W-S7CA','pfizer','2022-01-23','2022-03-12','ascxzv947','2022-01-30'),('K02M-TV26','moderna','2022-01-08','2022-03-06','dfvdf23','2022-01-15'),('L7C7-5GU5','pfizer','2021-12-21','2022-02-18','fvfd231','2021-12-27'),('LYY6-J412','pfizer','2022-01-09','2022-03-06','ascxzv947','2022-01-15'),('MWT2-S626','pfizer','2022-02-05','2022-03-22','xzcvsdfg79','2022-02-11'),('N3M2-33BE','moderna','2022-01-07','2022-03-04','dfvdf23','2022-01-10'),('NW3M-1G47','pfizer','2021-12-31','2022-02-24','fvfd231','2022-01-06'),('O7C3-MOB4','pfizer','2021-11-30','2022-02-05','fvfd231','2021-12-07'),('OJH8-8K50','moderna','2021-12-23','2022-02-19','xcvz5821','2021-12-28'),('ONIL-H87S','moderna','2022-01-03','2022-02-27','dfvdf23','2022-01-10'),('P765-07VN','pfizer','2022-01-06','2022-03-04','ascxzv947','2022-01-10'),('PFNN-I2JT','pfizer','2022-01-29','2022-03-18','asfdd746','2022-02-03'),('Q57B-UX5N','pfizer','2021-12-29','2022-02-24','fvfd231','2022-01-06'),('SV58-7C6C','moderna','2022-01-25','2022-03-13','xbdfhs83','2022-01-30'),('TB7N-CTH2','pfizer','2022-02-03','2022-03-22','ascxzv947','2022-02-07'),('TP66-T1R7','moderna','2022-01-27','2022-03-15','xbdfhs83','2022-02-03'),('TSCW-F3OS','moderna','2022-01-11','2022-03-07','gdfer45','2022-01-15'),('ULQ4-822A','moderna','2021-12-07','2022-02-09','gdfer45','2021-12-14'),('UV5Y-0NXS','moderna','2021-12-04','2022-02-07','xbdfhs83','2021-12-10'),('V5H6-S4A4','moderna','2022-02-12','2022-03-28','dfvdf23','2022-02-16'),('WIWH-7ADH','moderna','2022-02-07','2022-03-25','gdfer45','2022-02-11'),('WO6J-78O5','pfizer','2021-12-01','2022-02-05','asfdd746','2021-12-07'),('XOS3-3PH5','pfizer','2022-02-02','2022-03-21','asfdd746','2022-02-07'),('XX24-E2H8','pfizer','2021-12-12','2022-02-10','xzcvsdfg79','2021-12-14'),('YIXP-2274','pfizer','2021-11-29','2022-02-05','fvfd231','2021-12-05'),('YTFN-YJ82','pfizer','2022-01-10','2022-03-06','ascxzv947','2022-01-15');
/*!40000 ALTER TABLE `pre_orders` ENABLE KEYS */;
UNLOCK TABLES;

--
-- Table structure for table `self_isolaters`
--

DROP TABLE IF EXISTS `self_isolaters`;
/*!40101 SET @saved_cs_client     = @@character_set_client */;
/*!50503 SET character_set_client = utf8mb4 */;
CREATE TABLE `self_isolaters` (
  `Cssn` varchar(14) NOT NULL,
  `Startdate` date NOT NULL,
  `Enddate` date DEFAULT NULL,
  PRIMARY KEY (`Cssn`),
  CONSTRAINT `fk_SELF_ISOLATERS_CONFIRMEDCASE1` FOREIGN KEY (`Cssn`) REFERENCES `confirmedcase` (`Tssn`)
) ENGINE=InnoDB DEFAULT CHARSET=utf8mb3;
/*!40101 SET character_set_client = @saved_cs_client */;

--
-- Dumping data for table `self_isolaters`
--

LOCK TABLES `self_isolaters` WRITE;
/*!40000 ALTER TABLE `self_isolaters` DISABLE KEYS */;
INSERT INTO `self_isolaters` VALUES ('450430-1148991','2021-06-10','2021-06-24'),('500307-1119321','2021-04-13','2021-04-27'),('550907-1945752','2021-06-19',NULL),('680513-2767222','2020-10-25','2020-11-08'),('680907-1043661','2021-06-12',NULL),('750719-1374249','2020-05-04',NULL),('750930-2811728','2021-09-30',NULL),('751020-1212724','2020-10-20',NULL),('770702-2254141','2021-04-20','2021-05-14'),('790928-1238195','2020-09-30','2020-10-14'),('921030-1273711','2021-10-28','2021-11-11');
/*!40000 ALTER TABLE `self_isolaters` ENABLE KEYS */;
UNLOCK TABLES;

--
-- Table structure for table `testers`
--

DROP TABLE IF EXISTS `testers`;
/*!40101 SET @saved_cs_client     = @@character_set_client */;
/*!50503 SET character_set_client = utf8mb4 */;
CREATE TABLE `testers` (
  `Cssn` varchar(14) NOT NULL,
  `Testdate` date NOT NULL,
  `Testnum` int NOT NULL,
  `Testhospital` varchar(10) NOT NULL,
  PRIMARY KEY (`Cssn`),
  CONSTRAINT `fk_TEST_CITIZEN1` FOREIGN KEY (`Cssn`) REFERENCES `citizens` (`Ssn`)
) ENGINE=InnoDB DEFAULT CHARSET=utf8mb3;
/*!40101 SET character_set_client = @saved_cs_client */;

--
-- Dumping data for table `testers`
--

LOCK TABLES `testers` WRITE;
/*!40000 ALTER TABLE `testers` DISABLE KEYS */;
INSERT INTO `testers` VALUES ('000816-1717332','2021-02-04',2,'경대병원'),('010415-3384994','2020-11-06',1,'영대병원'),('050407-4645833','2021-05-06',3,'경대병원'),('100308-3677795','2021-07-16',2,'대구병원'),('101115-4875298','2021-07-26',1,'영대병원'),('130727-4886381','2020-08-08',2,'대구병원'),('140624-3681022','2020-12-09',3,'영대병원'),('200720-3117778','2020-10-14',1,'경대병원'),('330627-1520047','2021-09-09',2,'경대병원'),('330817-1051345','2020-12-09',2,'경대병원'),('350219-1557799','2021-09-10',2,'대구병원'),('390225-1916597','2020-11-17',2,'경대병원'),('400403-2522629','2021-01-17',2,'영대병원'),('401126-2270361','2021-06-13',1,'대구병원'),('450430-1148991','2021-06-07',3,'영대병원'),('500118-1855939','2020-10-27',3,'영대병원'),('500127-1812839','2020-09-13',1,'대구병원'),('500306-1239763','2021-09-29',2,'대구병원'),('500307-1119321','2021-04-12',3,'영대병원'),('500416-2857412','2021-06-28',1,'대구병원'),('500621-1919078','2020-05-04',2,'대구병원'),('500628-2651241','2020-05-03',1,'영대병원'),('510307-1165432','2021-04-11',3,'영대병원'),('510327-2539351','2020-08-29',3,'영대병원'),('510611-1677449','2020-07-22',3,'영대병원'),('510730-2124810','2021-05-27',1,'영대병원'),('511120-2386223','2020-10-13',2,'영대병원'),('520201-2529450','2021-01-15',2,'대구병원'),('520401-1515081','2021-07-30',1,'대구병원'),('520502-2350754','2021-08-29',2,'영대병원'),('521012-2454598','2020-06-08',1,'영대병원'),('530123-2618210','2021-05-28',2,'영대병원'),('530223-2573877','2021-07-15',1,'영대병원'),('530502-2214548','2021-08-14',5,'대구병원'),('530717-2571474','2020-12-20',1,'영대병원'),('531124-1612715','2021-08-14',1,'대구병원'),('540130-2776771','2020-10-24',2,'대구병원'),('540509-1159134','2020-10-06',2,'경대병원'),('541112-2332067','2020-07-15',1,'대구병원'),('541118-2217025','2021-09-16',2,'대구병원'),('550907-1945752','2021-06-13',2,'영대병원'),('560307-1471358','2020-10-14',5,'경대병원'),('561227-1872241','2020-03-07',2,'대구병원'),('561230-1769737','2021-02-22',1,'대구병원'),('570409-1616434','2021-10-18',3,'영대병원'),('570417-2180561','2021-08-23',3,'영대병원'),('570906-2434697','2021-03-09',2,'영대병원'),('570916-2911463','2020-07-12',2,'영대병원'),('571116-2231091','2020-05-28',3,'경대병원'),('571229-1961423','2021-08-22',3,'경대병원'),('580109-1815793','2020-09-23',3,'경대병원'),('580711-1817593','2021-01-02',3,'영대병원'),('581019-1934597','2021-06-04',1,'경대병원'),('581026-1975180','2021-01-04',1,'경대병원'),('581124-2831096','2021-07-03',1,'영대병원'),('590228-2073773','2020-11-16',1,'경대병원'),('590404-2884926','2020-11-23',2,'대구병원'),('591205-2037092','2020-05-06',1,'대구병원'),('591226-1511413','2020-03-02',1,'경대병원'),('600402-2543536','2020-09-04',2,'영대병원'),('601222-2914921','2021-06-21',3,'대구병원'),('610127-2114571','2020-04-08',5,'경대병원'),('610320-1439642','2021-07-04',1,'경대병원'),('610905-1157224','2020-07-28',2,'영대병원'),('610915-2775794','2020-04-04',2,'영대병원'),('610925-2712868','2021-09-24',1,'영대병원'),('611212-2236498','2020-08-16',1,'대구병원'),('620731-1563114','2020-10-21',3,'대구병원'),('620817-2246350','2021-07-25',1,'영대병원'),('621104-2237762','2020-02-17',1,'경대병원'),('621210-1754961','2021-10-19',3,'대구병원'),('621211-2450825','2020-07-26',2,'대구병원'),('630302-2078438','2021-05-12',1,'대구병원'),('630507-1655918','2020-08-22',3,'경대병원'),('630523-2683177','2021-01-12',2,'영대병원'),('630720-1451647','2021-04-17',3,'경대병원'),('630921-2157621','2020-03-06',1,'대구병원'),('640207-2113018','2020-09-30',3,'영대병원'),('640211-1735873','2021-02-22',1,'대구병원'),('640717-2572638','2020-03-18',1,'대구병원'),('650627-2770980','2021-02-22',3,'대구병원'),('650914-1184211','2020-04-09',1,'경대병원'),('660204-2428443','2020-06-17',1,'경대병원'),('660304-1219142','2021-09-13',1,'영대병원'),('660312-1721453','2021-07-19',2,'영대병원'),('660510-1149648','2020-08-24',2,'경대병원'),('660729-2447640','2021-10-01',2,'대구병원'),('660804-2460280','2021-02-13',2,'대구병원'),('661011-1469226','2021-02-08',2,'경대병원'),('661127-2354292','2020-11-07',3,'대구병원'),('670728-1426556','2020-09-08',2,'대구병원'),('671022-2828131','2020-07-25',4,'대구병원'),('671123-2012614','2020-06-17',2,'대구병원'),('671125-2413525','2020-12-15',1,'영대병원'),('680212-1856892','2021-06-15',2,'대구병원'),('680513-2767222','2020-10-23',3,'영대병원'),('680827-1113090','2020-09-21',2,'대구병원'),('680907-1043661','2021-06-10',2,'경대병원'),('690423-1540636','2021-02-11',1,'경대병원'),('691128-2871837','2020-10-04',2,'영대병원'),('691228-1962713','2020-09-06',2,'영대병원'),('691231-2668121','2020-11-26',3,'대구병원'),('700430-1836098','2021-07-03',1,'영대병원'),('700911-2281221','2020-12-28',2,'대구병원'),('701117-2471096','2020-07-09',2,'경대병원'),('710103-2012447','2021-05-06',3,'영대병원'),('710131-2987144','2021-03-01',3,'영대병원'),('720727-1223933','2020-04-14',3,'경대병원'),('720728-2779195','2020-10-12',1,'대구병원'),('721026-1643081','2020-10-23',4,'대구병원'),('721111-2782112','2021-09-20',3,'경대병원'),('721116-2633339','2020-10-06',2,'영대병원'),('721127-2829934','2020-07-06',2,'영대병원'),('721204-2741177','2021-09-24',3,'영대병원'),('721227-2657481','2020-08-10',1,'영대병원'),('730315-1175535','2020-07-06',2,'영대병원'),('730918-2255660','2020-11-29',6,'영대병원'),('730925-1650383','2021-02-03',1,'영대병원'),('731018-1638235','2021-03-08',3,'영대병원'),('731123-2663431','2021-06-19',1,'대구병원'),('731124-1170535','2021-04-11',1,'영대병원'),('740227-1576031','2021-07-19',1,'경대병원'),('740614-2869979','2020-06-11',4,'대구병원'),('741003-2758449','2020-12-12',2,'대구병원'),('741213-1645091','2021-05-14',5,'경대병원'),('741217-2431361','2021-03-22',2,'영대병원'),('750213-1684217','2021-01-23',2,'대구병원'),('750214-1378791','2020-05-26',2,'경대병원'),('750301-2374657','2021-08-07',2,'경대병원'),('750302-1760071','2021-02-21',3,'대구병원'),('750316-1821521','2020-08-19',2,'영대병원'),('750425-2316849','2021-08-13',2,'경대병원'),('750430-1982381','2020-03-22',3,'경대병원'),('750719-1374249','2020-05-02',2,'대구병원'),('750930-2811728','2021-09-28',1,'경대병원'),('751020-1212724','2020-10-18',1,'영대병원'),('751110-2115749','2020-03-28',5,'대구병원'),('751115-2431045','2021-08-04',3,'대구병원'),('760117-1738122','2020-03-25',1,'영대병원'),('760617-2853119','2021-09-06',2,'대구병원'),('760717-2964111','2021-10-22',1,'영대병원'),('761205-2424512','2020-12-27',1,'대구병원'),('761216-1975216','2020-08-24',1,'대구병원'),('770408-2613220','2021-09-20',5,'경대병원'),('770518-2151757','2020-08-10',2,'대구병원'),('770702-2254141','2021-04-18',4,'경대병원'),('770926-1012137','2021-01-28',2,'영대병원'),('780627-1235731','2021-08-31',2,'영대병원'),('780709-2357634','2021-11-02',2,'경대병원'),('780723-1456612','2020-12-05',1,'경대병원'),('780829-1812070','2021-02-06',3,'대구병원'),('781117-2258123','2020-05-07',3,'영대병원'),('781213-1020167','2021-06-25',4,'영대병원'),('781215-1651994','2020-11-01',1,'경대병원'),('790119-2811022','2020-04-04',4,'경대병원'),('790212-2356823','2020-06-08',4,'대구병원'),('790225-1983451','2021-05-05',1,'경대병원'),('790505-1181032','2020-03-18',2,'영대병원'),('790928-1238195','2020-09-28',1,'경대병원'),('791106-1572042','2021-04-27',2,'영대병원'),('830221-2454742','2021-07-15',2,'영대병원'),('840808-2517604','2021-10-20',1,'영대병원'),('850512-1017144','2020-12-21',2,'경대병원'),('850612-2222561','2021-10-09',2,'영대병원'),('870718-1135588','2021-03-22',2,'대구병원'),('880104-2257399','2021-10-14',1,'대구병원'),('890910-1320781','2021-07-21',2,'영대병원'),('900203-2343569','2020-12-20',1,'영대병원'),('921030-1273711','2021-10-26',3,'대구병원'),('930116-2034311','2021-06-12',1,'경대병원'),('940701-1729479','2021-09-28',1,'영대병원'),('950414-1679276','2021-05-01',1,'영대병원'),('961006-1465194','2020-12-31',1,'경대병원'),('981003-1968238','2021-03-03',1,'경대병원'),('990702-2654897','2021-03-11',2,'경대병원');
/*!40000 ALTER TABLE `testers` ENABLE KEYS */;
UNLOCK TABLES;

--
-- Table structure for table `vaccinate`
--

DROP TABLE IF EXISTS `vaccinate`;
/*!40101 SET @saved_cs_client     = @@character_set_client */;
/*!50503 SET character_set_client = utf8mb4 */;
CREATE TABLE `vaccinate` (
  `Cssn` varchar(14) NOT NULL,
  `1st_Vno` varchar(9) NOT NULL,
  `1st_date` date NOT NULL,
  `1st_hosp` varchar(10) NOT NULL,
  `2nd_Vno` varchar(9) DEFAULT NULL,
  `2nd_date` date DEFAULT NULL,
  `2nd_hosp` varchar(10) DEFAULT NULL,
  PRIMARY KEY (`Cssn`),
  KEY `fk_VACCINATION_VACCINES1_idx` (`1st_Vno`),
  KEY `fk_VACCINATE_VACCINES1_idx` (`2nd_Vno`),
  CONSTRAINT `fk_VACCINATE_VACCINES1` FOREIGN KEY (`2nd_Vno`) REFERENCES `vaccines` (`SerialNo`),
  CONSTRAINT `fk_VACCINATION_CITIZEN10` FOREIGN KEY (`Cssn`) REFERENCES `citizens` (`Ssn`),
  CONSTRAINT `fk_VACCINATION_VACCINES10` FOREIGN KEY (`1st_Vno`) REFERENCES `vaccines` (`SerialNo`)
) ENGINE=InnoDB DEFAULT CHARSET=utf8mb3;
/*!40101 SET character_set_client = @saved_cs_client */;

--
-- Dumping data for table `vaccinate`
--

LOCK TABLES `vaccinate` WRITE;
/*!40000 ALTER TABLE `vaccinate` DISABLE KEYS */;
INSERT INTO `vaccinate` VALUES ('330627-1520047','6672-6P1L','2021-02-27','영대병원','08YO-V526','2021-03-20','영대병원'),('410609-2767978','V3J2-3YJW','2021-02-27','영대병원','4357-5455','2021-03-20','대구병원'),('420519-1019671','N586-738U','2021-02-27','대구병원','28K3-ID35','2021-03-27','경대병원'),('481109-2014164','8A81-0787','2021-02-28','경대병원','2BG4-3K72','2021-03-21','대구병원'),('500118-1855939','8468-60Q5','2021-11-13','경대병원',NULL,NULL,NULL),('500306-1239763','56H8-0QIC','2021-10-29','경대병원','HCUM-Y054','2021-11-22','대구병원'),('500316-1624115','4546-S464','2021-09-27','영대병원',NULL,NULL,NULL),('500919-1346733','QD4L-01U4','2021-02-28','경대병원','4XLY-EY42','2021-03-21','영대병원'),('510915-2850181','QRLK-7686','2021-11-30','경대병원',NULL,NULL,NULL),('520612-2242813','R7C7-6PT7','2021-10-06','대구병원',NULL,NULL,NULL),('520718-1473764','00CS-B2P2','2021-03-02','영대병원','U02Y-K36G','2021-04-02','경대병원'),('520925-2153796','YQ72-7YQ4','2021-03-02','대구병원','XFWI-F4TA','2021-04-02','대구병원'),('521212-1920544','AA60-7Q66','2021-10-19','대구병원','E828-8F03','2021-10-12','영대병원'),('530502-2214548','IQ7Y-G532','2021-11-29','영대병원',NULL,NULL,NULL),('530717-2571474','1H62-LML3','2021-10-22','대구병원',NULL,NULL,NULL),('531015-2251697','648R-5770','2021-11-25','대구병원',NULL,NULL,NULL),('531212-2144769','QXM4-5Q6J','2021-03-03','대구병원','5A2D-2A3Q','2021-04-03','영대병원'),('540130-2776771','K565-K87E','2021-10-17','경대병원',NULL,NULL,NULL),('540511-2916314','70FN-3WY6','2021-11-05','영대병원',NULL,NULL,NULL),('541118-2217025','HR0G-4241','2021-09-07','대구병원','8PI5-B6T5','2021-09-28','영대병원'),('550308-1512750','OI08-HS2C','2021-03-03','영대병원','3UFT-VF8N','2021-03-24','경대병원'),('560310-1553016','1EFM-0OW3','2021-03-04','영대병원','Y715-KY56','2021-03-25','대구병원'),('560626-1577660','46N7-GI4V','2021-11-17','영대병원',NULL,NULL,NULL),('561026-2019085','HOW0-R32E','2021-03-04','영대병원','7876-GBD5','2021-04-04','대구병원'),('561209-1860530','7VS8-E78D','2021-09-17','영대병원','8P57-0R38','2021-10-04','영대병원'),('561230-1769737','4863-276A','2021-08-31','영대병원',NULL,NULL,NULL),('570409-1616434','63QT-06GH','2021-10-18','대구병원',NULL,NULL,NULL),('570609-2221539','W8GQ-X177','2021-03-05','경대병원','0011-VO1Q','2021-04-05','영대병원'),('570906-2434697','W473-7T1K','2021-11-22','경대병원',NULL,NULL,NULL),('570916-2911463','5513-YE58','2021-10-14','경대병원',NULL,NULL,NULL),('571229-1961423','10D3-4DBQ','2021-03-06','경대병원','4M8Q-0P0Y','2021-03-27','대구병원'),('580205-2162174','51L4-XW36','2021-10-25','영대병원',NULL,NULL,NULL),('580211-1737842','6673-3HJ8','2021-03-06','대구병원','6384-1A73','2021-04-06','영대병원'),('580212-2478224','7DE7-X35R','2021-09-19','경대병원',NULL,NULL,NULL),('580920-1517995','2047-554N','2021-03-06','대구병원','HQVI-617O','2021-03-27','대구병원'),('581026-1975180','68V1-G8XH','2021-10-22','경대병원',NULL,NULL,NULL),('581227-2186466','2PD1-28PD','2021-03-07','경대병원','W033-2571','2021-03-28','영대병원'),('590703-1344464','HB1T-5664','2021-03-08','영대병원','W28C-31B3','2021-04-08','대구병원'),('591205-2037092','66K8-30A6','2021-11-20','영대병원',NULL,NULL,NULL),('600402-2543536','6JQ0-E385','2021-03-09','영대병원','27RM-5P51','2021-03-30','경대병원'),('600517-1473053','IIOI-2A1H','2021-03-09','경대병원','N8J1-562D','2021-04-09','영대병원'),('600609-2286638','776R-QV26','2021-03-10','대구병원','TI1R-5M1D','2021-03-31','경대병원'),('601016-1917635','YR27-MR3G','2021-10-19','영대병원',NULL,NULL,NULL),('610127-2114571','URIW-QMBJ','2021-10-24','경대병원',NULL,NULL,NULL),('610228-2786594','H254-8H1J','2021-10-08','영대병원',NULL,NULL,NULL),('610312-1572751','IABW-V1FK','2021-03-12','대구병원','E4X6-D54W','2021-04-05','대구병원'),('610320-1439642','D4O0-C8O8','2021-10-14','영대병원','0BUG-R6W0','2021-11-14','영대병원'),('610717-1266436','007H-FE5X','2021-10-27','경대병원',NULL,NULL,NULL),('610806-2255841','4718-1527','2021-10-05','대구병원','5AH4-XE0K','2021-11-05','대구병원'),('610905-1157224','MOQ3-Y717','2021-09-30','영대병원',NULL,NULL,NULL),('610915-2775794','Q5EH-B24B','2021-11-19','영대병원',NULL,NULL,NULL),('610925-2712868','7JE5-3XJ8','2021-03-13','경대병원','534C-Y660','2021-04-13','영대병원'),('611205-2878131','02M1-6WV2','2021-03-14','경대병원','2EHT-038V','2021-04-14','영대병원'),('620217-2066071','J68O-0PT3','2021-03-15','경대병원','T512-TTQ1','2021-04-15','대구병원'),('620302-1578581','OS7T-PU6A','2021-03-16','영대병원','1TLQ-7N05','2021-04-09','영대병원'),('620722-2577641','LDE7-2X48','2021-11-30','경대병원',NULL,NULL,NULL),('620731-1563114','Q4TO-6AID','2021-10-23','대구병원','MGEJ-U2LP','2021-11-23','대구병원'),('620731-2239270','3514-RO1V','2021-10-13','영대병원',NULL,NULL,NULL),('620817-2246350','7PG5-XU7R','2021-03-18','영대병원','URFS-LLWG','2021-04-11','경대병원'),('621008-1737817','F686-3313','2021-03-18','대구병원','TF26-742M','2021-04-18','경대병원'),('621104-2237762','645V-OG76','2021-11-03','영대병원',NULL,NULL,NULL),('630302-2078438','6MPE-JFO6','2021-10-02','경대병원','X7EM-OHO4','2021-11-02','대구병원'),('630507-1655918','41G1-SGFM','2021-10-09','경대병원',NULL,NULL,NULL),('630508-2013280','PBHQ-3TN5','2021-11-24','경대병원',NULL,NULL,NULL),('630619-2712294','ED6F-H2YB','2021-03-19','영대병원','J8I4-PK6W','2021-04-12','영대병원'),('630910-1718738','7CVV-5N42','2021-03-20','영대병원','7SMJ-R74P','2021-04-20','경대병원'),('631019-2573878','8JNA-P8HC','2021-10-03','대구병원','LU46-D4L4','2021-10-24','대구병원'),('640717-2572638','5AAA-3386','2021-11-16','경대병원',NULL,NULL,NULL),('641130-1744070','GKX6-6530','2021-03-21','대구병원','NL1P-G4K5','2021-04-21','대구병원'),('650603-2583379','F7QO-UXG5','2021-03-21','영대병원','3IHO-068B','2021-04-14','경대병원'),('650914-1184211','ER50-T1XX','2021-11-15','대구병원',NULL,NULL,NULL),('660304-1219142','2X58-077M','2021-10-16','대구병원',NULL,NULL,NULL),('660312-1721453','11M3-M0KA','2021-03-22','경대병원','SMT7-030S','2021-04-15','대구병원'),('660606-1513223','PDCI-WDYQ','2021-09-12','경대병원',NULL,NULL,NULL),('660707-1124081','7781-P182','2021-11-14','대구병원',NULL,NULL,NULL),('660716-1778862','G17P-65S1','2021-09-21','영대병원',NULL,NULL,NULL),('661125-1418381','L71W-C1KR','2021-03-26','경대병원','46R7-LL56','2021-04-19','영대병원'),('661127-2354292','BU0G-QF47','2021-03-25','영대병원','HBW0-4H6S','2021-04-18','영대병원'),('670417-2521112','3SG6-424S','2021-04-08','영대병원','7035-YW3O','2021-04-30','대구병원'),('670606-1230150','Q8P3-DQ2W','2021-04-12','경대병원','NQ6Q-S4V6','2021-05-12','영대병원'),('670728-1426556','KN3L-4Q2T','2021-11-18','대구병원',NULL,NULL,NULL),('671022-2828131','F1V1-724P','2021-11-12','영대병원',NULL,NULL,NULL),('680110-2067617','6HY0-5CFP','2021-04-12','경대병원','G8G7-G4DW','2021-05-16','영대병원'),('680212-1856892','4HH7-8Q2J','2021-04-16','영대병원','L5E4-EIGS','2021-05-16','영대병원'),('680404-2768767','R1N2-BM4K','2021-09-07','경대병원',NULL,NULL,NULL),('680827-1113090','48N6-750N','2021-11-02','대구병원',NULL,NULL,NULL),('680907-1043661','FT57-4537','2021-11-07','영대병원',NULL,NULL,NULL),('690509-2418511','5XC1-JKY7','2021-04-18','대구병원','P511-PT5W','2021-05-18','영대병원'),('691228-1962713','SKAX-46CU','2021-11-16','영대병원',NULL,NULL,NULL),('700331-1526365','UE18-GB3D','2021-04-18','대구병원',NULL,NULL,NULL),('710131-2987144','DB05-D480','2021-09-02','대구병원','6D1T-L1F6','2021-09-23','대구병원'),('710316-2959389','6W85-0HSW','2021-10-12','대구병원',NULL,NULL,NULL),('710912-1780187','123A-HMU2','2021-04-20','경대병원','N0CW-7RWB','2021-05-13','대구병원'),('720715-2538773','KOBA-VASL','2021-04-21','경대병원',NULL,NULL,NULL),('720727-1223933','MY1I-2IOP','2021-11-10','경대병원',NULL,NULL,NULL),('721026-1643081','6136-DX2W','2021-10-17','경대병원','5VR3-WH3J','2021-11-07','영대병원'),('721127-2829934','K5C5-AI2P','2021-10-25','경대병원',NULL,NULL,NULL),('721227-2657481','7MJ8-BOW5','2021-11-04','영대병원',NULL,NULL,NULL),('730315-1175535','277C-1I6O','2021-10-15','영대병원','1E36-6U24','2021-10-15','대구병원'),('730925-1650383','2775-EQ70','2021-04-23','대구병원','YVH7-64M3','2021-05-16','영대병원'),('731124-1170535','5A2W-A378','2021-10-20','경대병원',NULL,NULL,NULL),('740221-2286660','6X4E-2V8N','2021-10-10','대구병원','5DW5-862T','2021-11-10','경대병원'),('740227-1576031','G8T8-BA1S','2021-11-28','대구병원',NULL,NULL,NULL),('740728-2443698','1141-4021','2021-04-24','대구병원','5833-K44C','2021-05-24','경대병원'),('741003-2758449','46T0-5XHH','2021-10-21','경대병원',NULL,NULL,NULL),('741017-2010439','40VX-OHGK','2021-04-26','영대병원','F43S-I5OM','2021-05-19','대구병원'),('750127-1469948','POVV-07G5','2021-04-28','경대병원','A38P-6BTY','2021-05-21','대구병원'),('750301-2374657','8VJM-6G8E','2021-11-26','경대병원',NULL,NULL,NULL),('750316-1821521','D22U-077L','2021-11-01','대구병원',NULL,NULL,NULL),('750425-2316849','4GS6-0827','2021-10-07','경대병원',NULL,NULL,NULL),('750929-2149677','IP2Q-0XUI','2021-04-28','경대병원',NULL,NULL,NULL),('751020-1212724','3X16-6IG4','2021-10-26','영대병원','1KXE-L306','2021-11-19','경대병원'),('751110-2115749','N8UA-MX4L','2021-11-08','대구병원',NULL,NULL,NULL),('751115-2431045','1H32-4133','2021-04-29','대구병원',NULL,NULL,NULL),('760519-2760350','K752-0G63','2021-04-30','대구병원','GF40-S7T3','2021-05-30','영대병원'),('760617-2853119','RFFR-5ACR','2021-09-23','영대병원',NULL,NULL,NULL),('760807-1711475','4040-1025','2021-05-02','영대병원',NULL,NULL,NULL),('760828-2761989','71X3-1E28','2021-05-03','영대병원','CJAW-I7I0','2021-06-03','영대병원'),('761205-2424512','BPOO-7XS5','2021-10-31','대구병원',NULL,NULL,NULL),('770408-2613220','UYP1-K25D','2021-05-05','경대병원',NULL,NULL,NULL),('770513-1117213','GCC7-036T','2021-05-05','경대병원',NULL,NULL,NULL),('770625-2023851','E332-DTI1','2021-05-06','영대병원','A2SR-GX33','2021-06-06','대구병원'),('770702-2254141','07RW-8CW8','2021-09-29','대구병원','633K-G4QA','2021-10-29','경대병원'),('770722-1331617','AIYQ-4D20','2021-05-07','대구병원',NULL,NULL,NULL),('770926-1012137','6008-TM1J','2021-05-08','대구병원','L6KG-PW06','2021-06-01','영대병원'),('771126-2812260','33J5-T410','2021-11-21','영대병원',NULL,NULL,NULL),('771206-1914025','4778-JS8L','2021-05-09','영대병원','64O7-653H','2021-06-02','영대병원'),('780228-1239017','R087-42EV','2021-11-23','대구병원',NULL,NULL,NULL),('780709-2357634','B367-C16U','2021-09-15','영대병원',NULL,NULL,NULL),('780723-1456612','P1QN-D3RU','2021-10-11','경대병원',NULL,NULL,NULL),('780923-1321380','RTM3-L5NM','2021-05-13','경대병원',NULL,NULL,NULL),('781213-1020167','7US1-4MLX','2021-11-27','영대병원',NULL,NULL,NULL),('781215-1651994','H87G-1O5V','2021-10-11','경대병원',NULL,NULL,NULL),('790117-2278269','3HL1-VUBX','2021-05-15','경대병원','T57J-88RC','2021-06-08','대구병원'),('790119-2811022','UO74-0YV0','2021-11-11','대구병원',NULL,NULL,NULL),('790526-1910579','U868-6246','2021-05-16','대구병원',NULL,NULL,NULL),('790603-1543729','3578-MX2K','2021-11-09','경대병원',NULL,NULL,NULL),('790928-1238195','8KQN-25G0','2021-07-20','대구병원','OWUN-7OX7','2021-08-20','경대병원'),('810811-2814639','162P-GG3B','2021-07-21','영대병원',NULL,NULL,NULL),('840521-1542632','378I-T56K','2021-07-22','영대병원',NULL,NULL,NULL),('841019-2500485','DB86-2105','2021-07-24','영대병원','17I5-MAKJ','2021-08-23','영대병원'),('850226-2015681','88A0-R5PX','2021-07-25','영대병원','DQWH-K807','2021-08-25','경대병원'),('850612-2222561','ND4X-6BDE','2021-07-28','대구병원',NULL,NULL,NULL),('850720-1761141','NC11-3800','2021-08-03','영대병원',NULL,NULL,NULL),('861104-2816363','J64Y-5X54','2021-08-06','경대병원',NULL,NULL,NULL),('870225-2035441','L0DF-JWI4','2021-08-07','대구병원','Y7F3-2W0O','2021-09-07','경대병원'),('870602-2115691','2E2E-OKJ6','2021-08-08','영대병원',NULL,NULL,NULL),('871001-1820054','NHS5-IMK7','2021-08-09','영대병원','Y4U7-84XL','2021-09-09','영대병원'),('880724-2830959','DO66-578F','2021-08-14','대구병원',NULL,NULL,NULL),('891126-1171612','2MX6-OO60','2021-08-16','대구병원',NULL,NULL,NULL),('910803-2274211','OI78-JIN1','2021-08-17','경대병원',NULL,NULL,NULL),('921030-1273711','46GL-F7E3','2021-08-21','대구병원',NULL,NULL,NULL),('950414-1679276','PBHK-TPD8','2021-08-22','경대병원','7T52-JFVG','2021-09-22','대구병원'),('951203-1526790','K007-PUWF','2021-08-24','경대병원','3YE2-L8C5','2021-09-17','경대병원'),('961122-1497852','23Q6-GL6V','2021-08-25','영대병원',NULL,NULL,NULL),('990702-2654897','524R-47GV','2021-08-29','경대병원',NULL,NULL,NULL);
/*!40000 ALTER TABLE `vaccinate` ENABLE KEYS */;
UNLOCK TABLES;

--
-- Table structure for table `vaccines`
--

DROP TABLE IF EXISTS `vaccines`;
/*!40101 SET @saved_cs_client     = @@character_set_client */;
/*!50503 SET character_set_client = utf8mb4 */;
CREATE TABLE `vaccines` (
  `SerialNo` varchar(9) NOT NULL,
  `MfgCo` varchar(10) NOT NULL,
  `MfgDate` date NOT NULL,
  `Exp` date NOT NULL,
  `Owned` varchar(10) DEFAULT NULL,
  PRIMARY KEY (`SerialNo`),
  UNIQUE KEY `SerialNo_UNIQUE` (`SerialNo`)
) ENGINE=InnoDB DEFAULT CHARSET=utf8mb3;
/*!40101 SET character_set_client = @saved_cs_client */;

--
-- Dumping data for table `vaccines`
--

LOCK TABLES `vaccines` WRITE;
/*!40000 ALTER TABLE `vaccines` DISABLE KEYS */;
INSERT INTO `vaccines` VALUES ('0011-VO1Q','moderna','2021-02-03','2021-05-03','영대병원'),('007H-FE5X','moderna','2021-10-23','2022-01-11','경대병원'),('00CS-B2P2','moderna','2021-01-04','2021-04-04','영대병원'),('02M1-6WV2','moderna','2021-01-20','2021-04-20','경대병원'),('032A-24W5','moderna','2020-11-12','2021-02-10','영대병원'),('07RW-8CW8','moderna','2021-08-31','2022-12-01','대구병원'),('08YO-V526','pfizer','2021-01-16','2021-04-16','영대병원'),('0BUG-R6W0','moderna','2021-10-18','2022-01-09','영대병원'),('10D3-4DBQ','pfizer','2021-01-13','2021-04-13','경대병원'),('1141-4021','moderna','2021-02-23','2021-05-24','대구병원'),('11M3-M0KA','pfizer','2021-03-16','2021-06-16','경대병원'),('123A-HMU2','pfizer','2021-02-16','2021-05-17','경대병원'),('162P-GG3B','pfizer','2021-07-16','2021-10-14','영대병원'),('17I5-MAKJ','moderna','2021-07-16','2021-10-14','영대병원'),('1E36-6U24','moderna','2021-10-19','2022-01-10','대구병원'),('1EFM-0OW3','pfizer','2021-01-09','2021-04-09','영대병원'),('1H32-4133','moderna','2021-03-01','2021-05-30','대구병원'),('1H62-LML3','moderna','2021-10-15','2022-01-07','대구병원'),('1KXE-L306','pfizer','2021-11-11','2022-01-24','경대병원'),('1M17-D7ER','pfizer','2020-11-19','2021-02-17','대구병원'),('1TLQ-7N05','pfizer','2021-02-27','2021-05-27','영대병원'),('2047-554N','pfizer','2021-01-14','2021-04-14','대구병원'),('21DS-HRE2','moderna','2021-02-03','2021-05-03','경대병원'),('23Q6-GL6V','pfizer','2021-08-06','2021-11-11','영대병원'),('25GF-EW29','moderna','2021-08-06','2021-11-11','대구병원'),('2775-EQ70','pfizer','2021-02-22','2021-05-23','대구병원'),('277C-1I6O','moderna','2021-10-06','2022-01-03','영대병원'),('27RM-5P51','pfizer','2021-02-12','2021-05-12','경대병원'),('28K3-ID35','moderna','2021-01-24','2021-04-24','경대병원'),('2BG4-3K72','pfizer','2021-01-25','2021-04-25','대구병원'),('2E2E-OKJ6','moderna','2021-08-06','2021-11-11','영대병원'),('2EHT-038V','moderna','2021-02-16','2021-05-16','영대병원'),('2G63-8IWQ','moderna','2020-10-25','2021-01-23','대구병원'),('2MX6-OO60','moderna','2021-08-06','2021-11-11','대구병원'),('2PD1-28PD','pfizer','2021-01-14','2021-04-14','경대병원'),('2W3Y-4JLJ','pfizer','2020-11-25','2021-02-23','대구병원'),('2X58-077M','pfizer','2021-10-07','2022-01-04','대구병원'),('33J5-T410','pfizer','2021-11-17','2022-01-27','영대병원'),('3512-6W52','moderna','2020-09-05','2020-12-04','경대병원'),('3514-RO1V','moderna','2021-10-03','2021-12-31','영대병원'),('3578-MX2K','pfizer','2021-11-02','2022-01-20','경대병원'),('378I-T56K','moderna','2021-07-16','2021-10-14','영대병원'),('3HL1-VUBX','pfizer','2021-04-26','2021-07-25','경대병원'),('3IHO-068B','pfizer','2021-03-19','2021-06-19','경대병원'),('3SG6-424S','pfizer','2021-04-02','2021-07-01','영대병원'),('3UFT-VF8N','pfizer','2021-02-02','2021-05-02','경대병원'),('3X16-6IG4','pfizer','2021-10-22','2022-01-11','영대병원'),('3YE2-L8C5','pfizer','2021-08-06','2021-11-11','경대병원'),('4040-1025','moderna','2021-02-19','2021-05-19','영대병원'),('40VX-OHGK','pfizer','2021-02-24','2021-05-25','영대병원'),('4118-JAWX','pfizer','2020-09-17','2020-12-16','영대병원'),('41G1-SGFM','pfizer','2021-09-28','2021-12-20','경대병원'),('4357-5455','pfizer','2021-01-23','2021-04-23','대구병원'),('4546-S464','pfizer','2021-08-31','2022-12-01','영대병원'),('46GL-F7E3','pfizer','2021-08-06','2021-11-11','대구병원'),('46N7-GI4V','moderna','2021-11-13','2022-01-26','영대병원'),('46R7-LL56','pfizer','2021-02-15','2021-05-16','영대병원'),('46T0-5XHH','moderna','2021-10-13','2022-01-07','경대병원'),('4718-1527','moderna','2021-09-28','2021-12-20','대구병원'),('4778-JS8L','pfizer','2021-03-01','2021-05-30','영대병원'),('4863-276A','moderna','2021-08-06','2021-11-11','영대병원'),('48N6-750N','moderna','2021-10-27','2022-01-15','대구병원'),('4GS6-0827','pfizer','2021-09-28','2021-12-20','경대병원'),('4HH7-8Q2J','moderna','2021-04-11','2021-07-10','영대병원'),('4M8Q-0P0Y','pfizer','2021-02-06','2021-05-06','대구병원'),('4XLY-EY42','pfizer','2021-02-02','2021-05-02','영대병원'),('51L4-XW36','pfizer','2021-10-17','2022-01-08','영대병원'),('524R-47GV','pfizer','2021-08-06','2021-11-11','경대병원'),('534C-Y660','moderna','2021-02-12','2021-05-12','영대병원'),('5371-NUY0','pfizer','2020-10-16','2021-01-14','대구병원'),('5513-YE58','pfizer','2021-10-04','2021-12-31','경대병원'),('56H8-0QIC','pfizer','2021-10-24','2022-01-11','경대병원'),('5833-K44C','moderna','2021-03-12','2021-06-10','경대병원'),('5A2D-2A3Q','moderna','2021-01-25','2021-04-25','영대병원'),('5A2W-A378','pfizer','2021-10-12','2022-01-07','경대병원'),('5AAA-3386','moderna','2021-11-10','2022-01-24','경대병원'),('5AH4-XE0K','moderna','2021-09-28','2021-12-20','대구병원'),('5DW5-862T','moderna','2021-09-28','2021-12-20','경대병원'),('5VR3-WH3J','pfizer','2021-10-19','2022-01-10','영대병원'),('5XC1-JKY7','moderna','2021-01-28','2021-04-28','대구병원'),('6008-TM1J','pfizer','2021-02-28','2021-05-28','대구병원'),('6136-DX2W','pfizer','2021-10-09','2022-01-05','경대병원'),('633K-G4QA','moderna','2021-08-31','2022-12-01','경대병원'),('6384-1A73','moderna','2021-02-05','2021-05-05','영대병원'),('63QT-06GH','moderna','2021-10-10','2022-01-05','대구병원'),('645V-OG76','pfizer','2021-10-28','2022-01-15','영대병원'),('648R-5770','moderna','2021-11-20','2022-01-30','대구병원'),('64O7-653H','pfizer','2021-03-12','2021-06-10','대구병원'),('6672-6P1L','pfizer','2021-02-15','2021-05-16','영대병원'),('6673-3HJ8','moderna','2021-01-13','2021-04-13','대구병원'),('66K8-30A6','pfizer','2021-11-16','2022-01-27','영대병원'),('68V1-G8XH','pfizer','2021-10-14','2022-01-07','경대병원'),('69TJ-HWE2','pfizer','2021-10-11','2022-01-06','경대병원'),('6D1T-L1F6','pfizer','2021-08-31','2022-12-01','대구병원'),('6HY0-5CFP','moderna','2021-04-07','2021-07-06','경대병원'),('6JQ0-E385','pfizer','2021-01-16','2021-04-16','영대병원'),('6MPE-JFO6','moderna','2021-09-28','2021-12-20','경대병원'),('6SFC-2N4X','moderna','2020-11-02','2021-01-31','영대병원'),('6W85-0HSW','moderna','2021-10-02','2021-12-31','대구병원'),('6X4E-2V8N','moderna','2021-09-28','2021-12-20','대구병원'),('7035-YW3O','pfizer','2021-04-13','2021-07-12','대구병원'),('70FN-3WY6','moderna','2021-10-30','2022-01-17','영대병원'),('71X3-1E28','moderna','2021-02-19','2021-05-19','영대병원'),('776R-QV26','pfizer','2021-01-17','2021-04-17','대구병원'),('7781-P182','moderna','2021-11-07','2022-01-23','대구병원'),('7876-GBD5','moderna','2021-01-27','2021-04-27','대구병원'),('7CVV-5N42','moderna','2021-03-02','2021-06-02','영대병원'),('7DE7-X35R','pfizer','2021-08-31','2022-12-01','경대병원'),('7JE5-3XJ8','moderna','2021-01-20','2021-04-20','경대병원'),('7MJ8-BOW5','pfizer','2021-10-29','2022-01-16','영대병원'),('7PG5-XU7R','pfizer','2021-01-21','2021-04-21','영대병원'),('7SMJ-R74P','moderna','2021-03-26','2021-06-26','경대병원'),('7T52-JFVG','moderna','2021-08-06','2021-11-11','대구병원'),('7US1-4MLX','pfizer','2021-11-21','2022-02-01','영대병원'),('7VS8-E78D','pfizer','2021-08-31','2022-12-01','영대병원'),('7Y8M-O180','pfizer','2020-10-28','2021-01-26','대구병원'),('8468-60Q5','pfizer','2021-11-06','2022-01-23','경대병원'),('88A0-R5PX','moderna','2021-07-16','2021-10-14','영대병원'),('8A81-0787','pfizer','2021-01-02','2021-04-02','경대병원'),('8JNA-P8HC','pfizer','2021-09-28','2021-12-20','대구병원'),('8KQN-25G0','moderna','2021-07-16','2021-10-14','대구병원'),('8P57-0R38','pfizer','2021-08-31','2022-12-01','영대병원'),('8PI5-B6T5','pfizer','2021-08-31','2022-12-01','영대병원'),('8VJM-6G8E','moderna','2021-11-20','2022-01-30','경대병원'),('A2SR-GX33','moderna','2021-03-21','2021-06-19','대구병원'),('A38P-6BTY','pfizer','2021-03-23','2021-06-21','대구병원'),('AA60-7Q66','pfizer','2021-10-12','2022-01-07','대구병원'),('AB12-BRE2','pfizer','2021-09-28','2021-12-20','영대병원'),('AFG4-HRE1','moderna','2021-01-24','2021-04-24','경대병원'),('AH01-HRE1','moderna','2021-10-27','2022-01-11','영대병원'),('AIYQ-4D20','moderna','2021-02-26','2021-05-26','대구병원'),('ASG2-TJR1','moderna','2021-10-24','2022-02-20','영대병원'),('ASG4-865A','moderna','2021-09-28','2021-12-20','영대병원'),('B367-C16U','pfizer','2021-08-31','2022-12-01','영대병원'),('BFD2-HTR1','pfizer','2021-09-28','2021-12-20','경대병원'),('BFSD-FSA1','moderna','2021-08-06','2021-11-11','경대병원'),('BPOO-7XS5','pfizer','2021-10-25','2022-01-13','대구병원'),('BU0G-QF47','pfizer','2021-03-30','2021-06-28','영대병원'),('C42T-N32V','moderna','2020-10-25','2021-01-23','경대병원'),('CJAW-I7I0','moderna','2021-03-13','2021-06-11','영대병원'),('CYLK-R85I','moderna','2020-09-08','2020-12-07','경대병원'),('D22U-077L','moderna','2021-10-26','2022-01-15','대구병원'),('D4O0-C8O8','moderna','2021-10-05','2022-01-03','영대병원'),('DB05-D480','pfizer','2021-08-06','2021-11-11','대구병원'),('DB86-2105','moderna','2021-07-16','2021-10-14','영대병원'),('DO66-578F','pfizer','2021-08-06','2021-11-11','대구병원'),('DQWH-K807','moderna','2021-07-16','2021-10-14','경대병원'),('DS09-WJ23','moderna','2021-10-11','2022-01-06','대구병원'),('DS14-HT44','moderna','2021-10-27','2022-02-24','경대병원'),('DSG1-NRT3','moderna','2021-07-16','2021-10-14','경대병원'),('DSH1-SD34','moderna','2021-10-11','2022-01-06','영대병원'),('DWE4-436E','pfizer','2021-10-27','2022-01-11','경대병원'),('E332-DTI1','moderna','2021-02-25','2021-05-25','영대병원'),('E4X6-D54W','pfizer','2021-02-25','2021-05-25','대구병원'),('E828-8F03','pfizer','2021-10-20','2022-01-10','영대병원'),('EBNH-FH21','moderna','2021-10-11','2022-01-06','경대병원'),('ED6F-H2YB','pfizer','2021-01-23','2021-04-23','영대병원'),('EG21-JU87','pfizer','2021-10-27','2022-01-11','경대병원'),('EH58-O843','moderna','2021-09-28','2021-12-20','경대병원'),('EH68-EHS0','moderna','2021-10-27','2022-01-11','경대병원'),('EHDS-EH25','moderna','2021-09-28','2021-12-20','경대병원'),('EHZ1-WHR4','pfizer','2021-10-24','2022-02-20','대구병원'),('EN1W-EN46','moderna','2021-10-11','2022-01-06','경대병원'),('ENH0-AWB1','pfizer','2021-08-06','2021-12-11','대구병원'),('ER50-T1XX','pfizer','2021-11-08','2022-01-23','대구병원'),('F1V1-724P','moderna','2021-11-05','2022-01-22','영대병원'),('F24G-JY70','moderna','2021-08-06','2021-11-11','영대병원'),('F43S-I5OM','pfizer','2021-03-19','2021-06-17','대구병원'),('F686-3313','moderna','2021-01-23','2021-04-23','대구병원'),('F7QO-UXG5','pfizer','2021-03-06','2021-06-06','영대병원'),('FD12-HT34','pfizer','2021-03-15','2021-06-13','경대병원'),('FD68-JT34','pfizer','2021-10-11','2022-01-06','경대병원'),('FD92-GS23','pfizer','2021-11-17','2022-01-27','영대병원'),('FDHS-FH54','moderna','2021-09-28','2021-12-20','대구병원'),('FGSN-ADF9','pfizer','2021-01-24','2021-04-24','경대병원'),('FH25-JYS2','moderna','2021-07-16','2021-10-14','영대병원'),('FSA3-H153','moderna','2021-10-24','2022-02-20','대구병원'),('FT57-4537','moderna','2021-10-31','2022-01-18','영대병원'),('G17P-65S1','pfizer','2021-08-31','2022-12-01','영대병원'),('G43Q-2MG0','pfizer','2021-10-24','2022-02-20','영대병원'),('G8G7-G4DW','moderna','2021-04-20','2021-07-19','영대병원'),('G8T8-BA1S','moderna','2021-11-22','2022-02-01','대구병원'),('GCC7-036T','pfizer','2021-02-24','2021-05-24','경대병원'),('GF40-S7T3','moderna','2021-03-23','2021-06-21','영대병원'),('GFA2-HE13','pfizer','2021-08-06','2021-12-11','경대병원'),('GKX6-6530','moderna','2021-03-05','2021-06-05','대구병원'),('GRA1-HTR2','pfizer','2021-08-06','2021-12-12','대구병원'),('GRE3-GRE1','moderna','2021-08-06','2021-12-11','대구병원'),('GRHE-GR31','pfizer','2021-01-24','2021-04-24','영대병원'),('GS24-98GE','pfizer','2021-09-28','2021-12-20','영대병원'),('GW12-28U4','pfizer','2021-10-27','2022-02-24','영대병원'),('H254-8H1J','moderna','2021-09-28','2021-12-20','영대병원'),('H66G-1S18','moderna','2020-10-24','2021-01-22','경대병원'),('H79L-QR34','pfizer','2021-08-06','2021-12-11','영대병원'),('H87G-1O5V','pfizer','2021-09-28','2021-12-20','대구병원'),('HB1T-5664','moderna','2021-01-16','2021-04-16','영대병원'),('HBW0-4H6S','pfizer','2021-03-29','2021-06-29','영대병원'),('HCUM-Y054','pfizer','2021-11-13','2022-01-26','대구병원'),('HF01-HR23','pfizer','2021-08-06','2021-11-11','경대병원'),('HFD5-JYT2','pfizer','2021-02-03','2021-05-03','경대병원'),('HFDS-HES1','moderna','2021-10-27','2022-02-24','영대병원'),('HK89-26HR','pfizer','2021-10-11','2022-01-06','경대병원'),('HOW0-R32E','moderna','2021-01-11','2021-04-11','영대병원'),('HQVI-617O','pfizer','2021-02-06','2021-05-06','대구병원'),('HR0G-4241','pfizer','2021-08-31','2022-12-01','대구병원'),('HRE3-NTR1','moderna','2021-09-28','2021-12-20','대구병원'),('HRE4-HET1','pfizer','2021-10-11','2022-01-06','영대병원'),('HRE5-65Ht','pfizer','2021-09-28','2021-12-20','경대병원'),('HREJ-214E','pfizer','2021-09-28','2021-12-20','영대병원'),('HRY3-H236','moderna','2021-09-28','2021-12-20','대구병원'),('HT35-HTR1','moderna','2021-09-28','2021-12-20','대구병원'),('HT57-98KJ','pfizer','2021-10-11','2022-01-06','대구병원'),('HT67-JYQ1','pfizer','2021-09-28','2021-12-20','대구병원'),('HT86-125T','moderna','2021-08-06','2021-12-14','대구병원'),('HTE3-KUY6','pfizer','2021-10-27','2022-02-24','대구병원'),('HTS0-WG21','pfizer','2021-10-11','2022-01-06','경대병원'),('IABW-V1FK','pfizer','2021-01-17','2021-04-17','대구병원'),('IBCC-E70L','moderna','2020-11-02','2021-01-31','대구병원'),('IIOI-2A1H','moderna','2021-01-16','2021-04-16','경대병원'),('IP23-S458','pfizer','2020-09-22','2020-12-21','영대병원'),('IP2Q-0XUI','moderna','2021-03-01','2021-05-30','경대병원'),('IQ7Y-G532','moderna','2021-11-22','2022-02-01','영대병원'),('J64Y-5X54','moderna','2021-07-16','2021-10-14','경대병원'),('J68O-0PT3','moderna','2021-01-20','2021-04-20','경대병원'),('J8I4-PK6W','pfizer','2021-03-09','2021-06-09','영대병원'),('JDY1-HX90','moderna','2021-10-27','2022-01-11','경대병원'),('JGHO-2757','pfizer','2020-10-22','2021-01-20','영대병원'),('JLJU-8R4H','moderna','2021-07-16','2021-10-14','대구병원'),('JT53-U68O','pfizer','2021-10-27','2022-01-11','경대병원'),('JT61-YR75','moderna','2021-03-15','2021-06-13','경대병원'),('JY23-JT21','pfizer','2021-08-06','2021-12-11','대구병원'),('JY36-ZF21','moderna','2021-09-28','2021-12-20','경대병원'),('JY47-VX23','moderna','2021-10-11','2022-01-06','영대병원'),('JY87-AW25','moderna','2021-10-11','2022-01-06','영대병원'),('K007-PUWF','pfizer','2021-08-06','2021-11-11','경대병원'),('K565-K87E','pfizer','2021-10-08','2022-01-04','경대병원'),('K5C5-AI2P','pfizer','2021-10-21','2022-01-11','경대병원'),('K752-0G63','moderna','2021-03-03','2021-06-01','대구병원'),('KN3L-4Q2T','moderna','2021-11-14','2022-01-26','대구병원'),('KO24-AWV1','pfizer','2021-10-27','2022-01-11','영대병원'),('KOBA-VASL','pfizer','2021-02-22','2021-05-23','경대병원'),('KU90-QR21','moderna','2021-10-24','2022-02-20','경대병원'),('L0DF-JWI4','moderna','2021-07-16','2021-10-14','대구병원'),('L5E4-EIGS','moderna','2021-05-10','2021-08-08','영대병원'),('L6KG-PW06','pfizer','2021-03-10','2021-06-08','영대병원'),('L71W-C1KR','pfizer','2021-03-23','2021-06-23','경대병원'),('LDE7-2X48','pfizer','2021-11-23','2022-02-03','경대병원'),('LU46-D4L4','pfizer','2021-09-28','2021-12-20','대구병원'),('M34M-SPQV','moderna','2020-10-13','2021-01-11','대구병원'),('MGEJ-U2LP','moderna','2021-10-21','2022-01-11','대구병원'),('MH23-UI24','pfizer','2021-10-11','2022-01-06','대구병원'),('MH46-XC12','pfizer','2021-09-28','2021-12-20','대구병원'),('MOQ3-Y717','pfizer','2021-08-31','2022-12-01','영대병원'),('MY1I-2IOP','moderna','2021-11-03','2022-01-21','경대병원'),('N0CW-7RWB','pfizer','2021-03-10','2021-06-08','대구병원'),('N432-GEW2','pfizer','2021-10-11','2022-01-06','경대병원'),('N586-738U','moderna','2021-01-02','2021-04-02','대구병원'),('N685-ASG1','moderna','2021-10-27','2022-02-24','대구병원'),('N8J1-562D','moderna','2021-02-12','2021-05-12','영대병원'),('N8UA-MX4L','pfizer','2021-11-01','2022-01-19','대구병원'),('NAY1-H22A','pfizer','2020-11-07','2021-02-05','경대병원'),('NC11-3800','moderna','2021-07-16','2021-10-14','영대병원'),('ND4X-6BDE','pfizer','2021-07-16','2021-10-14','대구병원'),('NGR4-HDR8','pfizer','2021-08-06','2021-11-11','경대병원'),('NHS5-IMK7','moderna','2021-08-06','2021-11-11','영대병원'),('NL1P-G4K5','moderna','2021-03-14','2021-06-14','대구병원'),('NQ6Q-S4V6','moderna','2021-02-11','2021-05-12','영대병원'),('NT7W-12HT','pfizer','2021-09-28','2021-12-20','대구병원'),('NY46-WKJ1','pfizer','2021-09-28','2021-12-20','대구병원'),('NY78-FJ15','pfizer','2021-10-11','2022-01-06','경대병원'),('OI08-HS2C','pfizer','2021-01-08','2021-04-08','영대병원'),('OI78-JIN1','pfizer','2021-08-06','2021-11-11','경대병원'),('OS7T-PU6A','pfizer','2021-01-21','2021-04-21','영대병원'),('OVS4-00P6','moderna','2020-11-25','2021-02-23','대구병원'),('OWUN-7OX7','moderna','2021-07-16','2021-10-14','경대병원'),('P1QN-D3RU','pfizer','2021-09-28','2021-12-20','경대병원'),('P436-664P','pfizer','2020-11-09','2021-02-07','대구병원'),('P511-PT5W','moderna','2021-03-11','2021-06-09','영대병원'),('PBHK-TPD8','moderna','2021-08-06','2021-11-11','경대병원'),('PBHQ-3TN5','pfizer','2021-11-19','2022-01-28','경대병원'),('PDCI-WDYQ','pfizer','2021-08-31','2022-12-01','경대병원'),('POVV-07G5','pfizer','2021-03-01','2021-05-30','경대병원'),('Q4TO-6AID','moderna','2021-10-15','2022-01-07','대구병원'),('Q5EH-B24B','pfizer','2021-11-15','2022-01-27','영대병원'),('Q8P3-DQ2W','moderna','2021-04-07','2021-07-06','경대병원'),('QD4L-01U4','pfizer','2021-01-03','2021-04-03','경대병원'),('QG79-EU21','pfizer','2021-09-28','2021-12-20','경대병원'),('QRLK-7686','moderna','2021-11-12','2022-01-26','경대병원'),('QXM4-5Q6J','moderna','2021-01-08','2021-04-08','대구병원'),('R087-42EV','moderna','2021-11-18','2022-01-28','대구병원'),('R1N2-BM4K','moderna','2021-08-31','2022-12-01','경대병원'),('R245-HT92','pfizer','2021-09-28','2021-12-20','대구병원'),('R7C7-6PT7','pfizer','2021-09-28','2021-12-20','대구병원'),('RE10-BC56','moderna','2021-09-28','2021-12-20','경대병원'),('RFFR-5ACR','moderna','2021-08-31','2022-12-01','영대병원'),('RH78-WT35','pfizer','2021-09-28','2021-12-20','경대병원'),('RJN5-ERH1','moderna','2021-10-11','2022-01-06','경대병원'),('RTM3-L5NM','moderna','2021-03-01','2021-05-30','경대병원'),('S44B-6F41','moderna','2020-11-12','2021-02-10','영대병원'),('S79W-JT25','moderna','2021-02-03','2021-05-03','영대병원'),('SB7U-2FHG','pfizer','2021-10-27','2022-02-24','대구병원'),('SD43-RN32','pfizer','2021-01-11','2021-04-11','영대병원'),('SDG9-FH12','moderna','2021-07-16','2021-10-14','경대병원'),('SH09-28E1','moderna','2021-09-28','2021-12-20','영대병원'),('SH90-287H','moderna','2021-10-11','2022-01-06','영대병원'),('SJ12-QA02','moderna','2021-10-27','2022-01-11','대구병원'),('SJ90-35Q1','moderna','2021-09-28','2021-12-20','대구병원'),('SKAX-46CU','moderna','2021-11-09','2022-01-24','영대병원'),('SMT7-030S','pfizer','2021-01-16','2021-04-16','대구병원'),('T512-TTQ1','moderna','2021-02-24','2021-05-24','대구병원'),('T57J-88RC','pfizer','2021-04-16','2021-07-15','대구병원'),('TF26-742M','moderna','2021-02-27','2021-05-27','경대병원'),('TI1R-5M1D','pfizer','2021-02-16','2021-05-16','경대병원'),('U02Y-K36G','moderna','2021-01-24','2021-04-24','경대병원'),('U868-6246','pfizer','2021-04-29','2021-07-28','대구병원'),('UE18-GB3D','pfizer','2021-02-15','2021-05-16','대구병원'),('UICI-0AEJ','pfizer','2020-11-07','2021-02-05','영대병원'),('UO74-0YV0','moderna','2021-11-04','2022-01-21','대구병원'),('URFS-LLWG','pfizer','2021-02-27','2021-05-27','대구병원'),('URIW-QMBJ','pfizer','2021-10-16','2022-01-08','경대병원'),('UYP1-K25D','pfizer','2021-02-22','2021-05-23','경대병원'),('V3J2-3YJW','pfizer','2021-01-01','2021-04-01','영대병원'),('W033-2571','pfizer','2021-02-10','2021-05-10','영대병원'),('W28C-31B3','moderna','2021-02-06','2021-05-06','대구병원'),('W473-7T1K','moderna','2021-11-17','2022-01-27','경대병원'),('W8GQ-X177','moderna','2021-01-11','2021-04-11','경대병원'),('X7EM-OHO4','moderna','2021-09-28','2021-12-20','대구병원'),('XFWI-F4TA','moderna','2021-01-24','2021-04-24','대구병원'),('Y4U7-84XL','moderna','2021-08-06','2021-11-11','영대병원'),('Y715-KY56','pfizer','2021-02-03','2021-05-03','대구병원'),('Y7F3-2W0O','moderna','2021-07-16','2021-10-14','경대병원'),('YH47-BW3Q','moderna','2021-09-28','2021-12-20','경대병원'),('YO32-634Q','moderna','2021-10-11','2022-01-06','경대병원'),('YQ72-7YQ4','moderna','2021-01-04','2021-04-04','대구병원'),('YR27-MR3G','moderna','2021-10-11','2022-01-06','영대병원'),('YVH7-64M3','pfizer','2021-03-15','2021-06-13','영대병원'),('ZR0Q-HG56','pfizer','2021-09-28','2021-12-20','경대병원'),('ZXQ9-FS24','moderna','2021-10-27','2022-01-11','영대병원');
/*!40000 ALTER TABLE `vaccines` ENABLE KEYS */;
UNLOCK TABLES;

--
-- Dumping events for database 'newcovid19db'
--

--
-- Dumping routines for database 'newcovid19db'
--
/*!50003 DROP PROCEDURE IF EXISTS `del_for_manager` */;
/*!50003 SET @saved_cs_client      = @@character_set_client */ ;
/*!50003 SET @saved_cs_results     = @@character_set_results */ ;
/*!50003 SET @saved_col_connection = @@collation_connection */ ;
/*!50003 SET character_set_client  = utf8mb4 */ ;
/*!50003 SET character_set_results = utf8mb4 */ ;
/*!50003 SET collation_connection  = utf8mb4_0900_ai_ci */ ;
/*!50003 SET @saved_sql_mode       = @@sql_mode */ ;
/*!50003 SET sql_mode              = 'STRICT_TRANS_TABLES,NO_ENGINE_SUBSTITUTION' */ ;
DELIMITER ;;
CREATE DEFINER=`root`@`localhost` PROCEDURE `del_for_manager`(IN SNo VARCHAR(15))
BEGIN
        DELETE FROM manager WHERE MgrID = SNo;
   END ;;
DELIMITER ;
/*!50003 SET sql_mode              = @saved_sql_mode */ ;
/*!50003 SET character_set_client  = @saved_cs_client */ ;
/*!50003 SET character_set_results = @saved_cs_results */ ;
/*!50003 SET collation_connection  = @saved_col_connection */ ;
/*!50003 DROP PROCEDURE IF EXISTS `del_for_pre_orders` */;
/*!50003 SET @saved_cs_client      = @@character_set_client */ ;
/*!50003 SET @saved_cs_results     = @@character_set_results */ ;
/*!50003 SET @saved_col_connection = @@collation_connection */ ;
/*!50003 SET character_set_client  = utf8mb4 */ ;
/*!50003 SET character_set_results = utf8mb4 */ ;
/*!50003 SET collation_connection  = utf8mb4_0900_ai_ci */ ;
/*!50003 SET @saved_sql_mode       = @@sql_mode */ ;
/*!50003 SET sql_mode              = 'STRICT_TRANS_TABLES,NO_ENGINE_SUBSTITUTION' */ ;
DELIMITER ;;
CREATE DEFINER=`root`@`localhost` PROCEDURE `del_for_pre_orders`(IN SNo VARCHAR(9))
BEGIN
        DELETE FROM pre_orders WHERE SerialNo = SNo;
   END ;;
DELIMITER ;
/*!50003 SET sql_mode              = @saved_sql_mode */ ;
/*!50003 SET character_set_client  = @saved_cs_client */ ;
/*!50003 SET character_set_results = @saved_cs_results */ ;
/*!50003 SET collation_connection  = @saved_col_connection */ ;
/*!50003 DROP PROCEDURE IF EXISTS `del_for_vaccines` */;
/*!50003 SET @saved_cs_client      = @@character_set_client */ ;
/*!50003 SET @saved_cs_results     = @@character_set_results */ ;
/*!50003 SET @saved_col_connection = @@collation_connection */ ;
/*!50003 SET character_set_client  = utf8mb4 */ ;
/*!50003 SET character_set_results = utf8mb4 */ ;
/*!50003 SET collation_connection  = utf8mb4_0900_ai_ci */ ;
/*!50003 SET @saved_sql_mode       = @@sql_mode */ ;
/*!50003 SET sql_mode              = 'STRICT_TRANS_TABLES,NO_ENGINE_SUBSTITUTION' */ ;
DELIMITER ;;
CREATE DEFINER=`root`@`localhost` PROCEDURE `del_for_vaccines`(IN SNo VARCHAR(9))
BEGIN
        DELETE FROM vaccinate WHERE 1st_Vno = SNo OR 2nd_Vno = SNo;
        DELETE FROM vaccines WHERE SerialNo = SNo;
   END ;;
DELIMITER ;
/*!50003 SET sql_mode              = @saved_sql_mode */ ;
/*!50003 SET character_set_client  = @saved_cs_client */ ;
/*!50003 SET character_set_results = @saved_cs_results */ ;
/*!50003 SET collation_connection  = @saved_col_connection */ ;
/*!40103 SET TIME_ZONE=@OLD_TIME_ZONE */;

/*!40101 SET SQL_MODE=@OLD_SQL_MODE */;
/*!40014 SET FOREIGN_KEY_CHECKS=@OLD_FOREIGN_KEY_CHECKS */;
/*!40014 SET UNIQUE_CHECKS=@OLD_UNIQUE_CHECKS */;
/*!40101 SET CHARACTER_SET_CLIENT=@OLD_CHARACTER_SET_CLIENT */;
/*!40101 SET CHARACTER_SET_RESULTS=@OLD_CHARACTER_SET_RESULTS */;
/*!40101 SET COLLATION_CONNECTION=@OLD_COLLATION_CONNECTION */;
/*!40111 SET SQL_NOTES=@OLD_SQL_NOTES */;

-- Dump completed on 2021-11-30 19:42:34
